Headline_ID,Ticker,Headline,Sentiment_Score,Daily_Return_Pct,Market_Movement
1001,META,"META reports cybersecurity breach, prompting investor selloff.",-0.5108,-2.68,0
1002,NVDA,Analysts raise price target for NVDA following strong demand metrics.,0.8697,3.3,1
1003,AMZN,Analysts raise price target for AMZN following strong demand metrics.,0.3624,0.8,1
1004,MSFT,"Regulatory scrutiny intensifies for MSFT, causing stock slump.",-0.6351,-2.64,0
1005,ETH,Analysts raise price target for ETH following strong demand metrics.,0.5899,1.86,1
1006,NVDA,"NVDA secures major enterprise partnership, expanding market dominance.",0.7054,2.34,1
1007,NVDA,NVDA trades sideways amidst broader market consolidation.,-0.0149,0.02,0
1008,ETH,"ETH launches groundbreaking AI product line, driving analyst upgrades.",0.7605,3.19,1
1009,META,Inflation fears and macro headwinds pressure META valuations lower.,-0.9294,-3.44,0
1010,BTC,Decreased consumer demand hits BTC quarterly profit margins.,-0.638,-1.92,0
1011,AMZN,AMZN announces strategic acquisition to boost AI infrastructure.,0.8554,1.25,1
1012,AMZN,Inflation fears and macro headwinds pressure AMZN valuations lower.,-0.7541,-3.47,0
1013,META,Decreased consumer demand hits META quarterly profit margins.,-0.7548,-3.82,0
1014,MSFT,MSFT misses Q3 earnings estimates amid rising operational costs.,-0.7814,-3.31,0
1015,ETH,Institutional investors surge buying in ETH after bullish earnings call.,0.3947,1.85,1
1016,NVDA,"NVDA faces supply chain bottlenecks, lowering annual guidance.",-0.9056,-2.46,0
1017,META,Analyst downgrade for META citing margin compression and slow growth.,-0.4321,-2.72,0
1018,META,"Federal Reserve signals rate cut interest, sparking market rally in META.",0.7496,3.5,1
1019,BTC,Analysts raise price target for BTC following strong demand metrics.,0.6333,2.51,1
1020,AAPL,"AAPL reports cybersecurity breach, prompting investor selloff.",-0.4874,-2.22,0
1021,META,META announces strategic acquisition to boost AI infrastructure.,0.6065,2.19,1
1022,AMZN,Analyst downgrade for AMZN citing margin compression and slow growth.,-0.4055,-1.66,0
1023,META,"META reports cybersecurity breach, prompting investor selloff.",-0.4967,-2.39,0
1024,TSLA,Decreased consumer demand hits TSLA quarterly profit margins.,-0.57,-2.4,0
1025,GOOGL,Analyst downgrade for GOOGL citing margin compression and slow growth.,-0.8381,-2.86,0
1026,META,META schedules upcoming annual shareholder meeting for next month.,-0.0684,0.54,1
1027,ETH,ETH misses Q3 earnings estimates amid rising operational costs.,-0.7671,-2.58,0
1028,MSFT,"Regulatory scrutiny intensifies for MSFT, causing stock slump.",-0.7474,-3.62,0
1029,GOOGL,"Federal Reserve signals rate cut interest, sparking market rally in GOOGL.",0.7718,2.91,1
1030,AMZN,AMZN announces strategic acquisition to boost AI infrastructure.,0.6483,2.21,1
1031,AAPL,"Federal Reserve signals rate cut interest, sparking market rally in AAPL.",0.3721,1.35,1
1032,GOOGL,"Federal Reserve signals rate cut interest, sparking market rally in GOOGL.",0.895,5.1,1
1033,NVDA,NVDA shares plummet following unexpected CEO departure and audit concerns.,-0.6563,-1.38,0
1034,AAPL,Inflation fears and macro headwinds pressure AAPL valuations lower.,-0.6678,-1.74,0
1035,TSLA,"TSLA faces supply chain bottlenecks, lowering annual guidance.",-0.4601,-1.96,0
1036,GOOGL,"GOOGL faces supply chain bottlenecks, lowering annual guidance.",-0.5955,-1.78,0
1037,AMZN,Analysts raise price target for AMZN following strong demand metrics.,0.8357,2.35,1
1038,ETH,Inflation fears and macro headwinds pressure ETH valuations lower.,-0.6393,-2.45,0
1039,BTC,"BTC secures major enterprise partnership, expanding market dominance.",0.7911,2.93,1
1040,NVDA,"Federal Reserve signals rate cut interest, sparking market rally in NVDA.",0.8403,1.79,1
1041,ETH,ETH misses Q3 earnings estimates amid rising operational costs.,-0.8049,-2.61,0
1042,ETH,Analysts raise price target for ETH following strong demand metrics.,0.7856,3.37,1
1043,NVDA,NVDA schedules upcoming annual shareholder meeting for next month.,0.0426,0.38,0
1044,TSLA,"TSLA launches groundbreaking AI product line, driving analyst upgrades.",0.6414,1.67,1
1045,NVDA,NVDA misses Q3 earnings estimates amid rising operational costs.,-0.8444,-2.96,0
1046,AMZN,"Federal Reserve signals rate cut interest, sparking market rally in AMZN.",0.8595,2.7,1
1047,AAPL,"Federal Reserve signals rate cut interest, sparking market rally in AAPL.",0.4062,0.33,1
1048,GOOGL,Market analysts maintain neutral rating on GOOGL ahead of earnings.,0.1176,-0.21,1
1049,TSLA,TSLA reports record quarterly revenue exceeding Wall Street expectations.,0.6961,1.31,1
1050,NVDA,Inflation fears and macro headwinds pressure NVDA valuations lower.,-0.5627,-2.0,0
1051,AAPL,AAPL trades sideways amidst broader market consolidation.,-0.0661,0.25,1
1052,NVDA,NVDA announces routine board member appointment.,-0.0617,-1.77,0
1053,META,Analysts raise price target for META following strong demand metrics.,0.4517,2.15,1
1054,NVDA,Inflation fears and macro headwinds pressure NVDA valuations lower.,-0.8246,-2.81,0
1055,GOOGL,GOOGL announces strategic acquisition to boost AI infrastructure.,0.661,2.6,1
1056,AAPL,Strong subscriber growth drives AAPL shares to new 52-week high.,0.5657,2.43,1
1057,META,"META launches groundbreaking AI product line, driving analyst upgrades.",0.8702,3.06,1
1058,ETH,Analyst downgrade for ETH citing margin compression and slow growth.,-0.56,-1.26,0
1059,NVDA,"NVDA secures major enterprise partnership, expanding market dominance.",0.6973,3.95,1
1060,NVDA,"NVDA reports cybersecurity breach, prompting investor selloff.",-0.3609,-1.8,0
1061,GOOGL,Decreased consumer demand hits GOOGL quarterly profit margins.,-0.7998,-4.39,0
1062,BTC,Analyst downgrade for BTC citing margin compression and slow growth.,-0.3708,-0.96,0
1063,META,Institutional investors surge buying in META after bullish earnings call.,0.4666,2.96,1
1064,BTC,BTC shares plummet following unexpected CEO departure and audit concerns.,-0.3683,-1.88,0
1065,NVDA,"NVDA reports cybersecurity breach, prompting investor selloff.",-0.6899,-3.1,0
1066,MSFT,MSFT announces strategic acquisition to boost AI infrastructure.,0.7676,3.36,1
1067,MSFT,"MSFT launches groundbreaking AI product line, driving analyst upgrades.",0.4439,1.81,1
1068,ETH,ETH shares plummet following unexpected CEO departure and audit concerns.,-0.567,-3.27,0
1069,META,META shares plummet following unexpected CEO departure and audit concerns.,-0.583,-3.26,0
1070,NVDA,NVDA misses Q3 earnings estimates amid rising operational costs.,-0.7449,-2.99,0
1071,MSFT,Strong subscriber growth drives MSFT shares to new 52-week high.,0.8633,2.83,1
1072,MSFT,MSFT misses Q3 earnings estimates amid rising operational costs.,-0.6712,-0.85,0
1073,MSFT,"MSFT launches groundbreaking AI product line, driving analyst upgrades.",0.9195,2.96,1
1074,NVDA,NVDA misses Q3 earnings estimates amid rising operational costs.,-0.6264,-1.77,0
1075,AMZN,Inflation fears and macro headwinds pressure AMZN valuations lower.,-0.5645,-1.92,0
1076,AMZN,"Regulatory scrutiny intensifies for AMZN, causing stock slump.",-0.606,-2.43,0
1077,AAPL,"AAPL faces supply chain bottlenecks, lowering annual guidance.",-0.4576,-0.69,0
1078,BTC,BTC announces routine board member appointment.,-0.0678,0.12,0
1079,TSLA,"TSLA launches groundbreaking AI product line, driving analyst upgrades.",0.7598,2.49,1
1080,TSLA,TSLA announces strategic acquisition to boost AI infrastructure.,0.4209,1.08,1
1081,MSFT,Analysts raise price target for MSFT following strong demand metrics.,0.8765,3.72,1
1082,ETH,ETH shares plummet following unexpected CEO departure and audit concerns.,-0.4996,-1.25,0
1083,NVDA,NVDA announces routine board member appointment.,-0.0384,0.3,1
1084,MSFT,MSFT announces strategic acquisition to boost AI infrastructure.,0.8005,2.64,1
1085,ETH,Strong subscriber growth drives ETH shares to new 52-week high.,0.8915,4.16,1
1086,GOOGL,Analysts raise price target for GOOGL following strong demand metrics.,0.5835,2.06,1
1087,ETH,ETH misses Q3 earnings estimates amid rising operational costs.,-0.7584,-1.12,0
1088,MSFT,"MSFT secures major enterprise partnership, expanding market dominance.",0.5472,2.77,1
1089,MSFT,"MSFT reports cybersecurity breach, prompting investor selloff.",-0.4812,-0.23,0
1090,ETH,Analyst downgrade for ETH citing margin compression and slow growth.,-0.4299,-1.18,0
1091,GOOGL,Institutional investors surge buying in GOOGL after bullish earnings call.,0.4835,2.4,1
1092,TSLA,Institutional investors surge buying in TSLA after bullish earnings call.,0.4899,1.53,1
1093,BTC,BTC reports record quarterly revenue exceeding Wall Street expectations.,0.8782,3.31,1
1094,AMZN,"AMZN secures major enterprise partnership, expanding market dominance.",0.4001,1.25,1
1095,GOOGL,"Regulatory scrutiny intensifies for GOOGL, causing stock slump.",-0.4062,-1.44,0
1096,TSLA,"Regulatory scrutiny intensifies for TSLA, causing stock slump.",-0.5054,-2.57,0
1097,BTC,BTC reports record quarterly revenue exceeding Wall Street expectations.,0.7965,1.9,1
1098,ETH,ETH reports record quarterly revenue exceeding Wall Street expectations.,0.3997,2.01,1
1099,AAPL,Strong subscriber growth drives AAPL shares to new 52-week high.,0.8313,2.95,1
1100,MSFT,Institutional investors surge buying in MSFT after bullish earnings call.,0.9458,3.62,1
1101,MSFT,Analysts raise price target for MSFT following strong demand metrics.,0.9316,5.08,1
1102,AAPL,Decreased consumer demand hits AAPL quarterly profit margins.,-0.7195,-2.19,0
1103,META,"META secures major enterprise partnership, expanding market dominance.",0.9252,3.12,1
1104,BTC,Inflation fears and macro headwinds pressure BTC valuations lower.,-0.8482,-3.45,0
1105,AMZN,"Regulatory scrutiny intensifies for AMZN, causing stock slump.",-0.8124,-3.48,0
1106,AMZN,AMZN schedules upcoming annual shareholder meeting for next month.,-0.0661,-1.3,0
1107,NVDA,"Regulatory scrutiny intensifies for NVDA, causing stock slump.",-0.7,-1.83,0
1108,BTC,Market analysts maintain neutral rating on BTC ahead of earnings.,-0.1364,-0.36,0
1109,AAPL,"Regulatory scrutiny intensifies for AAPL, causing stock slump.",-0.3576,-1.02,0
1110,ETH,Market analysts maintain neutral rating on ETH ahead of earnings.,0.0207,-0.81,0
1111,ETH,ETH reports record quarterly revenue exceeding Wall Street expectations.,0.3582,1.43,1
1112,MSFT,Market analysts maintain neutral rating on MSFT ahead of earnings.,0.0166,-0.33,1
1113,MSFT,"MSFT faces supply chain bottlenecks, lowering annual guidance.",-0.8016,-3.66,0
1114,NVDA,"NVDA secures major enterprise partnership, expanding market dominance.",0.4872,1.59,1
1115,AAPL,"Regulatory scrutiny intensifies for AAPL, causing stock slump.",-0.7351,-2.31,0
1116,TSLA,"TSLA faces supply chain bottlenecks, lowering annual guidance.",-0.6379,-2.83,0
1117,AAPL,AAPL shares plummet following unexpected CEO departure and audit concerns.,-0.897,-2.81,0
1118,META,META shares plummet following unexpected CEO departure and audit concerns.,-0.5664,-0.91,0
1119,NVDA,NVDA announces routine board member appointment.,0.1441,1.16,1
1120,NVDA,NVDA announces routine board member appointment.,0.0142,1.69,0
1121,META,META misses Q3 earnings estimates amid rising operational costs.,-0.3803,-2.69,0
1122,BTC,Strong subscriber growth drives BTC shares to new 52-week high.,0.6456,2.22,1
1123,NVDA,"NVDA reports cybersecurity breach, prompting investor selloff.",-0.8732,-3.94,0
1124,BTC,"Federal Reserve signals rate cut interest, sparking market rally in BTC.",0.6344,2.61,1
1125,TSLA,"TSLA faces supply chain bottlenecks, lowering annual guidance.",-0.9255,-3.66,0
1126,GOOGL,GOOGL reports record quarterly revenue exceeding Wall Street expectations.,0.6707,1.71,1
1127,TSLA,"TSLA launches groundbreaking AI product line, driving analyst upgrades.",0.7642,2.12,1
1128,AAPL,AAPL reports record quarterly revenue exceeding Wall Street expectations.,0.4007,1.57,1
1129,NVDA,NVDA announces strategic acquisition to boost AI infrastructure.,0.672,2.32,1
1130,META,"Regulatory scrutiny intensifies for META, causing stock slump.",-0.5015,-1.71,0
1131,BTC,Analysts raise price target for BTC following strong demand metrics.,0.8871,5.57,1
1132,TSLA,Analysts raise price target for TSLA following strong demand metrics.,0.5883,2.95,1
1133,ETH,Analyst downgrade for ETH citing margin compression and slow growth.,-0.938,-4.13,0
1134,ETH,ETH announces routine board member appointment.,-0.0078,-0.55,0
1135,ETH,"ETH reports cybersecurity breach, prompting investor selloff.",-0.5995,-1.78,0
1136,BTC,Analysts raise price target for BTC following strong demand metrics.,0.5773,3.34,1
1137,MSFT,"MSFT launches groundbreaking AI product line, driving analyst upgrades.",0.7145,2.49,1
1138,GOOGL,GOOGL misses Q3 earnings estimates amid rising operational costs.,-0.9455,-4.62,0
1139,MSFT,MSFT announces strategic acquisition to boost AI infrastructure.,0.6427,2.89,1
1140,GOOGL,Market analysts maintain neutral rating on GOOGL ahead of earnings.,0.0963,0.45,1
1141,BTC,BTC shares plummet following unexpected CEO departure and audit concerns.,-0.4883,-2.16,0
1142,NVDA,"NVDA secures major enterprise partnership, expanding market dominance.",0.4954,0.93,1
1143,AAPL,Inflation fears and macro headwinds pressure AAPL valuations lower.,-0.8976,-2.53,0
1144,NVDA,"NVDA launches groundbreaking AI product line, driving analyst upgrades.",0.6226,2.19,1
1145,MSFT,"MSFT secures major enterprise partnership, expanding market dominance.",0.471,1.18,1
1146,MSFT,MSFT reports record quarterly revenue exceeding Wall Street expectations.,0.7074,2.68,1
1147,BTC,"BTC faces supply chain bottlenecks, lowering annual guidance.",-0.7407,-2.46,0
1148,NVDA,"Federal Reserve signals rate cut interest, sparking market rally in NVDA.",0.783,2.81,1
1149,BTC,BTC shares plummet following unexpected CEO departure and audit concerns.,-0.829,-3.16,0
1150,MSFT,Strong subscriber growth drives MSFT shares to new 52-week high.,0.6638,2.07,1
1151,AMZN,"AMZN launches groundbreaking AI product line, driving analyst upgrades.",0.5855,1.85,1
1152,NVDA,NVDA misses Q3 earnings estimates amid rising operational costs.,-0.5014,-0.71,0
1153,AAPL,AAPL reports record quarterly revenue exceeding Wall Street expectations.,0.5849,1.45,1
1154,BTC,"BTC faces supply chain bottlenecks, lowering annual guidance.",-0.6911,-2.37,0
1155,NVDA,Inflation fears and macro headwinds pressure NVDA valuations lower.,-0.5338,-0.5,0
1156,AMZN,AMZN schedules upcoming annual shareholder meeting for next month.,-0.0565,-0.22,0
1157,META,"META secures major enterprise partnership, expanding market dominance.",0.6919,2.8,1
1158,AAPL,Institutional investors surge buying in AAPL after bullish earnings call.,0.4164,1.72,1
1159,AMZN,Analyst downgrade for AMZN citing margin compression and slow growth.,-0.7116,-2.85,0
1160,AMZN,"Regulatory scrutiny intensifies for AMZN, causing stock slump.",-0.9427,-3.0,0
1161,NVDA,Analyst downgrade for NVDA citing margin compression and slow growth.,-0.5203,-0.88,0
1162,BTC,Inflation fears and macro headwinds pressure BTC valuations lower.,-0.6958,-2.15,0
1163,BTC,BTC misses Q3 earnings estimates amid rising operational costs.,-0.7964,-2.27,0
1164,AMZN,AMZN trades sideways amidst broader market consolidation.,0.1267,1.7,1
1165,AAPL,"Regulatory scrutiny intensifies for AAPL, causing stock slump.",-0.9086,-3.44,0
1166,AMZN,AMZN reports record quarterly revenue exceeding Wall Street expectations.,0.5493,1.55,1
1167,GOOGL,Inflation fears and macro headwinds pressure GOOGL valuations lower.,-0.5853,-0.93,0
1168,AMZN,"Regulatory scrutiny intensifies for AMZN, causing stock slump.",-0.7499,-3.18,0
1169,AMZN,"AMZN faces supply chain bottlenecks, lowering annual guidance.",-0.3962,-2.63,0
1170,AAPL,"AAPL faces supply chain bottlenecks, lowering annual guidance.",-0.6785,-4.6,0
1171,NVDA,NVDA reports record quarterly revenue exceeding Wall Street expectations.,0.649,2.92,1
1172,AAPL,"AAPL faces supply chain bottlenecks, lowering annual guidance.",-0.5706,-2.12,0
1173,TSLA,"TSLA reports cybersecurity breach, prompting investor selloff.",-0.3647,0.54,0
1174,GOOGL,Institutional investors surge buying in GOOGL after bullish earnings call.,0.4607,0.31,1
1175,META,META shares plummet following unexpected CEO departure and audit concerns.,-0.7116,-1.41,0
1176,AAPL,Strong subscriber growth drives AAPL shares to new 52-week high.,0.8519,2.72,1
1177,NVDA,Strong subscriber growth drives NVDA shares to new 52-week high.,0.7784,4.67,1
1178,AAPL,Strong subscriber growth drives AAPL shares to new 52-week high.,0.8092,4.39,1
1179,AMZN,Institutional investors surge buying in AMZN after bullish earnings call.,0.3953,0.72,1
1180,NVDA,Analyst downgrade for NVDA citing margin compression and slow growth.,-0.4696,-0.91,0
1181,META,"META launches groundbreaking AI product line, driving analyst upgrades.",0.8702,4.02,1
1182,NVDA,Analysts raise price target for NVDA following strong demand metrics.,0.6533,0.55,1
1183,BTC,BTC announces strategic acquisition to boost AI infrastructure.,0.6917,2.54,1
1184,BTC,"Federal Reserve signals rate cut interest, sparking market rally in BTC.",0.9432,4.08,1
1185,BTC,Inflation fears and macro headwinds pressure BTC valuations lower.,-0.7117,-3.36,0
1186,META,META holds steady as investors await upcoming inflation report.,-0.1243,0.06,0
1187,NVDA,Analysts raise price target for NVDA following strong demand metrics.,0.6998,3.19,1
1188,MSFT,"MSFT launches groundbreaking AI product line, driving analyst upgrades.",0.8451,2.81,1
1189,NVDA,Analyst downgrade for NVDA citing margin compression and slow growth.,-0.4516,-0.63,0
1190,ETH,"ETH secures major enterprise partnership, expanding market dominance.",0.4817,1.15,1
1191,GOOGL,GOOGL misses Q3 earnings estimates amid rising operational costs.,-0.4289,-0.72,0
1192,AAPL,AAPL misses Q3 earnings estimates amid rising operational costs.,-0.7888,-2.79,0
1193,BTC,BTC misses Q3 earnings estimates amid rising operational costs.,-0.7953,-2.65,0
1194,AMZN,Institutional investors surge buying in AMZN after bullish earnings call.,0.453,1.44,1
1195,META,Decreased consumer demand hits META quarterly profit margins.,-0.4014,-1.25,0
1196,GOOGL,Institutional investors surge buying in GOOGL after bullish earnings call.,0.7409,1.81,1
1197,META,Strong subscriber growth drives META shares to new 52-week high.,0.4321,2.81,1
1198,ETH,"Regulatory scrutiny intensifies for ETH, causing stock slump.",-0.4014,-0.15,0
1199,MSFT,"MSFT launches groundbreaking AI product line, driving analyst upgrades.",0.6032,2.41,1
1200,AAPL,"AAPL secures major enterprise partnership, expanding market dominance.",0.8126,2.75,1
1201,MSFT,"MSFT faces supply chain bottlenecks, lowering annual guidance.",-0.7366,-3.36,0
1202,NVDA,NVDA trades sideways amidst broader market consolidation.,-0.0049,0.83,0
1203,AMZN,"AMZN secures major enterprise partnership, expanding market dominance.",0.3809,3.38,1
1204,TSLA,"Regulatory scrutiny intensifies for TSLA, causing stock slump.",-0.886,-3.18,0
1205,ETH,ETH reports record quarterly revenue exceeding Wall Street expectations.,0.6473,1.76,1
1206,META,"META launches groundbreaking AI product line, driving analyst upgrades.",0.8296,4.35,1
1207,NVDA,"NVDA launches groundbreaking AI product line, driving analyst upgrades.",0.4119,2.23,1
1208,AAPL,"AAPL launches groundbreaking AI product line, driving analyst upgrades.",0.7643,2.2,1
1209,AAPL,Strong subscriber growth drives AAPL shares to new 52-week high.,0.9249,3.79,1
1210,AAPL,Decreased consumer demand hits AAPL quarterly profit margins.,-0.5677,-0.96,0
1211,BTC,BTC reports record quarterly revenue exceeding Wall Street expectations.,0.738,2.36,1
1212,META,META holds steady as investors await upcoming inflation report.,0.0204,0.17,1
1213,MSFT,"MSFT faces supply chain bottlenecks, lowering annual guidance.",-0.3954,-0.48,0
1214,META,"META faces supply chain bottlenecks, lowering annual guidance.",-0.4527,-1.65,0
1215,AAPL,Inflation fears and macro headwinds pressure AAPL valuations lower.,-0.812,-3.68,0
1216,META,META announces strategic acquisition to boost AI infrastructure.,0.5392,2.91,1
1217,AAPL,Decreased consumer demand hits AAPL quarterly profit margins.,-0.7587,-1.96,0
1218,TSLA,"TSLA launches groundbreaking AI product line, driving analyst upgrades.",0.9442,3.53,1
1219,META,"META launches groundbreaking AI product line, driving analyst upgrades.",0.9134,4.18,1
1220,MSFT,Inflation fears and macro headwinds pressure MSFT valuations lower.,-0.4258,-2.04,0
1221,ETH,ETH misses Q3 earnings estimates amid rising operational costs.,-0.7482,-1.23,0
1222,AAPL,Strong subscriber growth drives AAPL shares to new 52-week high.,0.5282,1.98,1
1223,TSLA,Strong subscriber growth drives TSLA shares to new 52-week high.,0.7035,2.83,1
1224,ETH,ETH reports record quarterly revenue exceeding Wall Street expectations.,0.7578,2.45,1
1225,MSFT,"MSFT faces supply chain bottlenecks, lowering annual guidance.",-0.5969,-1.42,0
1226,TSLA,"TSLA secures major enterprise partnership, expanding market dominance.",0.389,1.53,1
1227,BTC,BTC trades sideways amidst broader market consolidation.,0.0992,0.24,0
1228,ETH,Analysts raise price target for ETH following strong demand metrics.,0.8457,2.56,1
1229,MSFT,MSFT announces strategic acquisition to boost AI infrastructure.,0.4798,3.68,1
1230,AAPL,"AAPL launches groundbreaking AI product line, driving analyst upgrades.",0.6591,2.68,1
1231,TSLA,Inflation fears and macro headwinds pressure TSLA valuations lower.,-0.4115,0.35,0
1232,ETH,Decreased consumer demand hits ETH quarterly profit margins.,-0.4339,-2.05,0
1233,ETH,Analysts raise price target for ETH following strong demand metrics.,0.4277,1.73,1
1234,BTC,Market analysts maintain neutral rating on BTC ahead of earnings.,-0.1239,-0.17,0
1235,GOOGL,Institutional investors surge buying in GOOGL after bullish earnings call.,0.3793,1.77,1
1236,MSFT,MSFT holds steady as investors await upcoming inflation report.,-0.0015,0.03,0
1237,NVDA,Inflation fears and macro headwinds pressure NVDA valuations lower.,-0.5527,-1.05,0
1238,AAPL,Market analysts maintain neutral rating on AAPL ahead of earnings.,0.1104,0.49,0
1239,ETH,Institutional investors surge buying in ETH after bullish earnings call.,0.7685,3.5,1
1240,GOOGL,Institutional investors surge buying in GOOGL after bullish earnings call.,0.8785,4.3,1
1241,ETH,ETH announces strategic acquisition to boost AI infrastructure.,0.3531,0.8,1
1242,META,"META secures major enterprise partnership, expanding market dominance.",0.6837,2.9,1
1243,META,Institutional investors surge buying in META after bullish earnings call.,0.7202,2.54,1
1244,TSLA,Inflation fears and macro headwinds pressure TSLA valuations lower.,-0.4588,-1.53,0
1245,GOOGL,GOOGL announces strategic acquisition to boost AI infrastructure.,0.6748,2.29,1
1246,MSFT,"MSFT secures major enterprise partnership, expanding market dominance.",0.4543,1.81,1
1247,AMZN,Analysts raise price target for AMZN following strong demand metrics.,0.4498,2.18,1
1248,GOOGL,"GOOGL launches groundbreaking AI product line, driving analyst upgrades.",0.3948,2.16,1
1249,TSLA,TSLA trades sideways amidst broader market consolidation.,-0.0162,-1.42,1
1250,AAPL,AAPL announces strategic acquisition to boost AI infrastructure.,0.8413,4.05,1
1251,META,Strong subscriber growth drives META shares to new 52-week high.,0.6311,2.28,1
1252,AMZN,"AMZN reports cybersecurity breach, prompting investor selloff.",-0.5417,-0.96,0
1253,GOOGL,Analysts raise price target for GOOGL following strong demand metrics.,0.9205,3.04,1
1254,MSFT,MSFT trades sideways amidst broader market consolidation.,0.0416,-0.77,0
1255,ETH,Analysts raise price target for ETH following strong demand metrics.,0.5956,1.89,1
1256,NVDA,NVDA reports record quarterly revenue exceeding Wall Street expectations.,0.779,3.01,1
1257,TSLA,Market analysts maintain neutral rating on TSLA ahead of earnings.,0.1405,0.77,0
1258,TSLA,"TSLA faces supply chain bottlenecks, lowering annual guidance.",-0.4719,-1.29,0
1259,MSFT,MSFT holds steady as investors await upcoming inflation report.,0.035,-0.7,1
1260,AAPL,Analyst downgrade for AAPL citing margin compression and slow growth.,-0.6918,-2.46,0
1261,GOOGL,"GOOGL secures major enterprise partnership, expanding market dominance.",0.3885,0.09,1
1262,BTC,"Federal Reserve signals rate cut interest, sparking market rally in BTC.",0.6231,2.63,1
1263,BTC,Decreased consumer demand hits BTC quarterly profit margins.,-0.7145,-0.52,0
1264,ETH,ETH schedules upcoming annual shareholder meeting for next month.,-0.1381,-0.88,0
1265,BTC,"BTC secures major enterprise partnership, expanding market dominance.",0.942,3.29,1
1266,GOOGL,GOOGL reports record quarterly revenue exceeding Wall Street expectations.,0.6858,1.47,1
1267,TSLA,"TSLA launches groundbreaking AI product line, driving analyst upgrades.",0.6705,1.97,1
1268,META,META announces strategic acquisition to boost AI infrastructure.,0.4705,2.51,1
1269,TSLA,"Regulatory scrutiny intensifies for TSLA, causing stock slump.",-0.8495,-2.75,0
1270,NVDA,NVDA schedules upcoming annual shareholder meeting for next month.,0.1309,-0.18,0
1271,ETH,Inflation fears and macro headwinds pressure ETH valuations lower.,-0.3816,-0.32,0
1272,META,Inflation fears and macro headwinds pressure META valuations lower.,-0.6214,-1.73,0
1273,GOOGL,"GOOGL faces supply chain bottlenecks, lowering annual guidance.",-0.9255,-3.42,0
1274,TSLA,TSLA announces strategic acquisition to boost AI infrastructure.,0.7402,1.62,1
1275,ETH,ETH holds steady as investors await upcoming inflation report.,-0.0513,0.28,0
1276,MSFT,"MSFT faces supply chain bottlenecks, lowering annual guidance.",-0.853,-2.69,0
1277,GOOGL,Decreased consumer demand hits GOOGL quarterly profit margins.,-0.7506,-3.02,0
1278,NVDA,NVDA shares plummet following unexpected CEO departure and audit concerns.,-0.699,0.03,0
1279,AAPL,AAPL misses Q3 earnings estimates amid rising operational costs.,-0.429,-0.76,0
1280,AMZN,Analyst downgrade for AMZN citing margin compression and slow growth.,-0.7274,-1.85,0
1281,AMZN,"Regulatory scrutiny intensifies for AMZN, causing stock slump.",-0.4298,-2.75,0
1282,MSFT,"MSFT secures major enterprise partnership, expanding market dominance.",0.8741,4.66,1
1283,TSLA,"TSLA reports cybersecurity breach, prompting investor selloff.",-0.7839,-2.1,0
1284,NVDA,Inflation fears and macro headwinds pressure NVDA valuations lower.,-0.4484,-1.43,0
1285,AAPL,"Federal Reserve signals rate cut interest, sparking market rally in AAPL.",0.5932,3.4,1
1286,TSLA,Institutional investors surge buying in TSLA after bullish earnings call.,0.3915,2.39,1
1287,ETH,"ETH secures major enterprise partnership, expanding market dominance.",0.593,3.31,1
1288,AMZN,Decreased consumer demand hits AMZN quarterly profit margins.,-0.5587,-0.51,0
1289,ETH,ETH holds steady as investors await upcoming inflation report.,0.1074,1.75,0
1290,AMZN,Market analysts maintain neutral rating on AMZN ahead of earnings.,0.1151,1.63,0
1291,ETH,"ETH secures major enterprise partnership, expanding market dominance.",0.7027,1.42,1
1292,MSFT,"MSFT secures major enterprise partnership, expanding market dominance.",0.6348,1.01,1
1293,AAPL,Inflation fears and macro headwinds pressure AAPL valuations lower.,-0.5988,-2.34,0
1294,AMZN,"AMZN launches groundbreaking AI product line, driving analyst upgrades.",0.4238,1.79,1
1295,MSFT,MSFT trades sideways amidst broader market consolidation.,0.042,0.3,0
1296,AMZN,Market analysts maintain neutral rating on AMZN ahead of earnings.,-0.1485,-1.24,1
1297,TSLA,Market analysts maintain neutral rating on TSLA ahead of earnings.,-0.0033,0.87,1
1298,META,Institutional investors surge buying in META after bullish earnings call.,0.4063,0.59,1
1299,BTC,Strong subscriber growth drives BTC shares to new 52-week high.,0.8709,3.49,1
1300,META,Market analysts maintain neutral rating on META ahead of earnings.,0.055,-0.54,0
1301,AAPL,"AAPL reports cybersecurity breach, prompting investor selloff.",-0.6076,-1.24,0
1302,NVDA,NVDA trades sideways amidst broader market consolidation.,0.0501,1.12,1
1303,TSLA,TSLA schedules upcoming annual shareholder meeting for next month.,0.1099,0.12,1
1304,ETH,"ETH launches groundbreaking AI product line, driving analyst upgrades.",0.5925,2.24,1
1305,AMZN,Decreased consumer demand hits AMZN quarterly profit margins.,-0.4092,-1.72,0
1306,AAPL,Strong subscriber growth drives AAPL shares to new 52-week high.,0.7394,3.19,1
1307,MSFT,"MSFT secures major enterprise partnership, expanding market dominance.",0.7159,0.89,1
1308,ETH,Inflation fears and macro headwinds pressure ETH valuations lower.,-0.726,-1.68,0
1309,GOOGL,Analysts raise price target for GOOGL following strong demand metrics.,0.4511,2.59,1
1310,ETH,"ETH launches groundbreaking AI product line, driving analyst upgrades.",0.9209,3.78,1
1311,TSLA,TSLA shares plummet following unexpected CEO departure and audit concerns.,-0.4617,-2.92,0
1312,AMZN,Inflation fears and macro headwinds pressure AMZN valuations lower.,-0.6204,-2.03,0
1313,TSLA,"TSLA faces supply chain bottlenecks, lowering annual guidance.",-0.9391,-2.68,0
1314,ETH,"ETH faces supply chain bottlenecks, lowering annual guidance.",-0.9138,-2.97,0
1315,MSFT,"MSFT faces supply chain bottlenecks, lowering annual guidance.",-0.8891,-4.47,0
1316,AMZN,AMZN shares plummet following unexpected CEO departure and audit concerns.,-0.4682,-1.72,0
1317,NVDA,"Regulatory scrutiny intensifies for NVDA, causing stock slump.",-0.5838,-2.84,0
1318,AMZN,Decreased consumer demand hits AMZN quarterly profit margins.,-0.8413,-2.19,0
1319,META,"META reports cybersecurity breach, prompting investor selloff.",-0.7728,-3.16,0
1320,BTC,BTC announces routine board member appointment.,-0.1239,-0.01,1
1321,BTC,"BTC reports cybersecurity breach, prompting investor selloff.",-0.3792,-0.36,0
1322,GOOGL,"Regulatory scrutiny intensifies for GOOGL, causing stock slump.",-0.8228,-2.57,0
1323,BTC,Institutional investors surge buying in BTC after bullish earnings call.,0.8935,3.38,1
1324,MSFT,"Federal Reserve signals rate cut interest, sparking market rally in MSFT.",0.8436,4.16,1
1325,META,"Regulatory scrutiny intensifies for META, causing stock slump.",-0.49,-1.91,0
1326,MSFT,Analysts raise price target for MSFT following strong demand metrics.,0.8716,2.15,1
1327,AAPL,AAPL reports record quarterly revenue exceeding Wall Street expectations.,0.4571,0.75,1
1328,META,"Regulatory scrutiny intensifies for META, causing stock slump.",-0.7959,-3.38,0
1329,ETH,"Regulatory scrutiny intensifies for ETH, causing stock slump.",-0.7853,-1.41,0
1330,GOOGL,GOOGL reports record quarterly revenue exceeding Wall Street expectations.,0.7655,3.42,1
1331,META,Strong subscriber growth drives META shares to new 52-week high.,0.4125,1.9,1
1332,META,Analyst downgrade for META citing margin compression and slow growth.,-0.8986,-1.84,0
1333,AAPL,AAPL misses Q3 earnings estimates amid rising operational costs.,-0.756,-3.17,0
1334,AMZN,"AMZN secures major enterprise partnership, expanding market dominance.",0.3906,0.39,1
1335,MSFT,"Federal Reserve signals rate cut interest, sparking market rally in MSFT.",0.674,2.62,1
1336,GOOGL,"GOOGL launches groundbreaking AI product line, driving analyst upgrades.",0.5498,2.59,1
1337,GOOGL,"GOOGL secures major enterprise partnership, expanding market dominance.",0.7471,3.95,1
1338,AMZN,"AMZN secures major enterprise partnership, expanding market dominance.",0.4033,1.75,1
1339,MSFT,MSFT announces strategic acquisition to boost AI infrastructure.,0.8029,2.55,1
1340,ETH,Analyst downgrade for ETH citing margin compression and slow growth.,-0.7415,-3.55,0
1341,BTC,Inflation fears and macro headwinds pressure BTC valuations lower.,-0.7205,-3.12,0
1342,MSFT,Strong subscriber growth drives MSFT shares to new 52-week high.,0.4035,2.04,1
1343,META,META trades sideways amidst broader market consolidation.,0.0978,-0.51,1
1344,TSLA,"TSLA launches groundbreaking AI product line, driving analyst upgrades.",0.9122,2.48,1
1345,ETH,"ETH faces supply chain bottlenecks, lowering annual guidance.",-0.7118,-0.77,0
1346,META,Strong subscriber growth drives META shares to new 52-week high.,0.6482,1.36,1
1347,GOOGL,Analyst downgrade for GOOGL citing margin compression and slow growth.,-0.8249,-3.24,0
1348,BTC,Decreased consumer demand hits BTC quarterly profit margins.,-0.4664,-0.7,0
1349,META,META reports record quarterly revenue exceeding Wall Street expectations.,0.5435,2.47,1
1350,TSLA,Strong subscriber growth drives TSLA shares to new 52-week high.,0.5382,1.98,1
1351,AAPL,Decreased consumer demand hits AAPL quarterly profit margins.,-0.4524,-1.35,0
1352,GOOGL,Institutional investors surge buying in GOOGL after bullish earnings call.,0.4231,1.39,1
1353,MSFT,MSFT reports record quarterly revenue exceeding Wall Street expectations.,0.4895,1.91,1
1354,AMZN,"AMZN secures major enterprise partnership, expanding market dominance.",0.8609,2.24,1
1355,TSLA,"TSLA faces supply chain bottlenecks, lowering annual guidance.",-0.7181,-3.58,0
1356,ETH,Analysts raise price target for ETH following strong demand metrics.,0.8026,3.03,1
1357,BTC,BTC announces strategic acquisition to boost AI infrastructure.,0.4935,1.24,1
1358,AAPL,"AAPL reports cybersecurity breach, prompting investor selloff.",-0.8127,-3.09,0
1359,MSFT,Analyst downgrade for MSFT citing margin compression and slow growth.,-0.8457,-2.2,0
1360,TSLA,"TSLA secures major enterprise partnership, expanding market dominance.",0.5929,2.42,1
1361,NVDA,"NVDA secures major enterprise partnership, expanding market dominance.",0.639,1.91,1
1362,MSFT,"MSFT launches groundbreaking AI product line, driving analyst upgrades.",0.4303,0.58,1
1363,MSFT,MSFT announces strategic acquisition to boost AI infrastructure.,0.6993,1.65,1
1364,MSFT,Institutional investors surge buying in MSFT after bullish earnings call.,0.8506,3.44,1
1365,MSFT,Institutional investors surge buying in MSFT after bullish earnings call.,0.9257,2.44,1
1366,MSFT,"MSFT reports cybersecurity breach, prompting investor selloff.",-0.8605,-3.04,0
1367,AMZN,AMZN announces routine board member appointment.,0.0455,0.97,1
1368,MSFT,MSFT schedules upcoming annual shareholder meeting for next month.,0.1366,0.73,1
1369,ETH,ETH holds steady as investors await upcoming inflation report.,-0.0187,-0.14,0
1370,META,"META faces supply chain bottlenecks, lowering annual guidance.",-0.6799,-1.64,0
1371,AAPL,Analyst downgrade for AAPL citing margin compression and slow growth.,-0.6796,-2.4,0
1372,BTC,BTC reports record quarterly revenue exceeding Wall Street expectations.,0.7977,3.0,1
1373,AAPL,"Federal Reserve signals rate cut interest, sparking market rally in AAPL.",0.4132,1.45,1
1374,BTC,Strong subscriber growth drives BTC shares to new 52-week high.,0.945,2.87,1
1375,AMZN,"AMZN reports cybersecurity breach, prompting investor selloff.",-0.4797,-2.54,0
1376,MSFT,Inflation fears and macro headwinds pressure MSFT valuations lower.,-0.9088,-4.6,0
1377,GOOGL,"Federal Reserve signals rate cut interest, sparking market rally in GOOGL.",0.9307,4.05,1
1378,ETH,ETH holds steady as investors await upcoming inflation report.,-0.1469,-1.12,0
1379,AMZN,AMZN misses Q3 earnings estimates amid rising operational costs.,-0.3741,-0.54,0
1380,MSFT,Analysts raise price target for MSFT following strong demand metrics.,0.938,3.24,1
1381,GOOGL,Inflation fears and macro headwinds pressure GOOGL valuations lower.,-0.5012,-1.32,0
1382,AAPL,AAPL schedules upcoming annual shareholder meeting for next month.,-0.0383,0.72,0
1383,ETH,"ETH secures major enterprise partnership, expanding market dominance.",0.4944,1.55,1
1384,AAPL,"AAPL faces supply chain bottlenecks, lowering annual guidance.",-0.5471,-2.14,0
1385,META,META announces routine board member appointment.,0.1257,0.24,0
1386,BTC,Decreased consumer demand hits BTC quarterly profit margins.,-0.4841,-0.41,0
1387,GOOGL,GOOGL misses Q3 earnings estimates amid rising operational costs.,-0.3876,-1.04,0
1388,TSLA,Analysts raise price target for TSLA following strong demand metrics.,0.4404,1.02,1
1389,GOOGL,GOOGL shares plummet following unexpected CEO departure and audit concerns.,-0.5039,-2.45,0
1390,META,"META reports cybersecurity breach, prompting investor selloff.",-0.6037,-1.92,0
1391,ETH,"ETH reports cybersecurity breach, prompting investor selloff.",-0.8535,-1.93,0
1392,MSFT,MSFT announces routine board member appointment.,-0.1202,-0.22,0
1393,TSLA,"TSLA launches groundbreaking AI product line, driving analyst upgrades.",0.7954,3.13,1
1394,TSLA,Institutional investors surge buying in TSLA after bullish earnings call.,0.6732,3.31,1
1395,AMZN,"AMZN launches groundbreaking AI product line, driving analyst upgrades.",0.854,3.65,1
1396,AMZN,Analysts raise price target for AMZN following strong demand metrics.,0.8552,3.63,1
1397,GOOGL,GOOGL trades sideways amidst broader market consolidation.,-0.1126,0.57,0
1398,GOOGL,GOOGL shares plummet following unexpected CEO departure and audit concerns.,-0.5522,-1.44,0
1399,GOOGL,GOOGL shares plummet following unexpected CEO departure and audit concerns.,-0.9326,-3.58,0
1400,AMZN,AMZN announces strategic acquisition to boost AI infrastructure.,0.6386,1.91,1
1401,NVDA,"Federal Reserve signals rate cut interest, sparking market rally in NVDA.",0.4853,1.5,1
1402,BTC,"Regulatory scrutiny intensifies for BTC, causing stock slump.",-0.5887,-1.97,0
1403,NVDA,Decreased consumer demand hits NVDA quarterly profit margins.,-0.8606,-2.16,0
1404,GOOGL,"GOOGL secures major enterprise partnership, expanding market dominance.",0.6604,2.99,1
1405,AMZN,AMZN reports record quarterly revenue exceeding Wall Street expectations.,0.6104,2.07,1
1406,ETH,ETH trades sideways amidst broader market consolidation.,-0.098,-0.44,1
1407,AMZN,"AMZN faces supply chain bottlenecks, lowering annual guidance.",-0.5385,-1.64,0
1408,TSLA,Analysts raise price target for TSLA following strong demand metrics.,0.3645,0.17,1
1409,GOOGL,GOOGL reports record quarterly revenue exceeding Wall Street expectations.,0.9078,2.85,1
1410,MSFT,MSFT shares plummet following unexpected CEO departure and audit concerns.,-0.6615,-1.89,0
1411,MSFT,MSFT shares plummet following unexpected CEO departure and audit concerns.,-0.5264,-2.23,0
1412,META,META misses Q3 earnings estimates amid rising operational costs.,-0.4819,-1.57,0
1413,AMZN,Decreased consumer demand hits AMZN quarterly profit margins.,-0.8149,-3.07,0
1414,AMZN,Analyst downgrade for AMZN citing margin compression and slow growth.,-0.942,-4.1,0
1415,BTC,Strong subscriber growth drives BTC shares to new 52-week high.,0.3718,0.54,1
1416,BTC,BTC holds steady as investors await upcoming inflation report.,0.1034,-0.4,0
1417,ETH,Inflation fears and macro headwinds pressure ETH valuations lower.,-0.9221,-2.38,0
1418,MSFT,MSFT misses Q3 earnings estimates amid rising operational costs.,-0.4869,-0.08,0
1419,GOOGL,GOOGL holds steady as investors await upcoming inflation report.,0.0697,1.17,1
1420,BTC,BTC reports record quarterly revenue exceeding Wall Street expectations.,0.6467,1.96,1
1421,MSFT,Analysts raise price target for MSFT following strong demand metrics.,0.7851,2.3,1
1422,NVDA,NVDA announces routine board member appointment.,-0.0451,-1.01,0
1423,TSLA,"TSLA reports cybersecurity breach, prompting investor selloff.",-0.7994,-2.64,0
1424,AAPL,AAPL trades sideways amidst broader market consolidation.,0.108,1.3,1
1425,ETH,ETH misses Q3 earnings estimates amid rising operational costs.,-0.6239,-2.25,0
1426,AAPL,Institutional investors surge buying in AAPL after bullish earnings call.,0.9174,2.55,1
1427,ETH,"Regulatory scrutiny intensifies for ETH, causing stock slump.",-0.4328,-0.21,0
1428,BTC,Decreased consumer demand hits BTC quarterly profit margins.,-0.4662,-1.84,0
1429,NVDA,NVDA announces strategic acquisition to boost AI infrastructure.,0.6484,2.94,1
1430,AMZN,Decreased consumer demand hits AMZN quarterly profit margins.,-0.9392,-3.58,0
1431,BTC,BTC announces routine board member appointment.,0.1112,0.64,0
1432,AAPL,AAPL reports record quarterly revenue exceeding Wall Street expectations.,0.4065,1.4,1
1433,NVDA,NVDA schedules upcoming annual shareholder meeting for next month.,-0.0328,-0.76,1
1434,TSLA,Institutional investors surge buying in TSLA after bullish earnings call.,0.9287,1.55,1
1435,BTC,"Federal Reserve signals rate cut interest, sparking market rally in BTC.",0.5223,2.12,1
1436,MSFT,MSFT reports record quarterly revenue exceeding Wall Street expectations.,0.5876,3.15,1
1437,BTC,Analyst downgrade for BTC citing margin compression and slow growth.,-0.5325,-2.38,0
1438,NVDA,Analysts raise price target for NVDA following strong demand metrics.,0.5161,2.63,1
1439,BTC,Analyst downgrade for BTC citing margin compression and slow growth.,-0.8288,-3.66,0
1440,AMZN,Decreased consumer demand hits AMZN quarterly profit margins.,-0.8999,-2.81,0
1441,ETH,Decreased consumer demand hits ETH quarterly profit margins.,-0.7582,-2.66,0
1442,MSFT,MSFT shares plummet following unexpected CEO departure and audit concerns.,-0.7562,-2.4,0
1443,GOOGL,Market analysts maintain neutral rating on GOOGL ahead of earnings.,-0.1013,0.6,0
1444,ETH,"Regulatory scrutiny intensifies for ETH, causing stock slump.",-0.9024,-1.09,0
1445,MSFT,MSFT announces routine board member appointment.,0.1075,1.82,1
1446,ETH,"ETH reports cybersecurity breach, prompting investor selloff.",-0.559,-1.68,0
1447,ETH,"ETH launches groundbreaking AI product line, driving analyst upgrades.",0.8416,3.0,1
1448,MSFT,"MSFT launches groundbreaking AI product line, driving analyst upgrades.",0.4104,2.27,1
1449,MSFT,"MSFT launches groundbreaking AI product line, driving analyst upgrades.",0.5588,3.25,1
1450,ETH,"Federal Reserve signals rate cut interest, sparking market rally in ETH.",0.5614,1.71,1
1451,MSFT,Decreased consumer demand hits MSFT quarterly profit margins.,-0.3625,-1.99,0
1452,TSLA,"Federal Reserve signals rate cut interest, sparking market rally in TSLA.",0.3523,1.49,1
1453,META,"META secures major enterprise partnership, expanding market dominance.",0.4863,1.29,1
1454,NVDA,NVDA misses Q3 earnings estimates amid rising operational costs.,-0.8207,-2.25,0
1455,MSFT,Institutional investors surge buying in MSFT after bullish earnings call.,0.595,2.36,1
1456,AAPL,"AAPL faces supply chain bottlenecks, lowering annual guidance.",-0.9145,-3.02,0
1457,TSLA,Decreased consumer demand hits TSLA quarterly profit margins.,-0.5476,-2.69,0
1458,BTC,Strong subscriber growth drives BTC shares to new 52-week high.,0.8687,3.16,1
1459,BTC,Analysts raise price target for BTC following strong demand metrics.,0.9361,3.13,1
1460,ETH,Strong subscriber growth drives ETH shares to new 52-week high.,0.9008,2.4,1
1461,META,META reports record quarterly revenue exceeding Wall Street expectations.,0.5253,2.0,1
1462,ETH,ETH shares plummet following unexpected CEO departure and audit concerns.,-0.3723,-1.05,0
1463,ETH,ETH announces strategic acquisition to boost AI infrastructure.,0.6696,1.72,1
1464,BTC,BTC shares plummet following unexpected CEO departure and audit concerns.,-0.909,-1.51,0
1465,AAPL,"Federal Reserve signals rate cut interest, sparking market rally in AAPL.",0.6903,3.08,1
1466,MSFT,Analysts raise price target for MSFT following strong demand metrics.,0.7881,2.32,1
1467,ETH,"ETH secures major enterprise partnership, expanding market dominance.",0.8763,2.78,1
1468,GOOGL,GOOGL trades sideways amidst broader market consolidation.,0.1014,0.99,0
1469,NVDA,Strong subscriber growth drives NVDA shares to new 52-week high.,0.8634,2.43,1
1470,AMZN,"AMZN secures major enterprise partnership, expanding market dominance.",0.419,1.5,1
1471,ETH,ETH announces routine board member appointment.,0.1106,-0.03,0
1472,GOOGL,GOOGL announces strategic acquisition to boost AI infrastructure.,0.4325,1.71,1
1473,NVDA,NVDA trades sideways amidst broader market consolidation.,-0.0988,0.8,1
1474,NVDA,NVDA announces strategic acquisition to boost AI infrastructure.,0.429,1.28,1
1475,AMZN,Institutional investors surge buying in AMZN after bullish earnings call.,0.9325,2.55,1
1476,META,META schedules upcoming annual shareholder meeting for next month.,-0.1491,-1.27,0
1477,GOOGL,"Federal Reserve signals rate cut interest, sparking market rally in GOOGL.",0.4933,-0.27,1
1478,AAPL,Decreased consumer demand hits AAPL quarterly profit margins.,-0.5835,-3.27,0
1479,AMZN,Institutional investors surge buying in AMZN after bullish earnings call.,0.6722,2.59,1
1480,AAPL,Institutional investors surge buying in AAPL after bullish earnings call.,0.6131,2.38,1
1481,GOOGL,GOOGL schedules upcoming annual shareholder meeting for next month.,0.095,0.44,0
1482,META,"META reports cybersecurity breach, prompting investor selloff.",-0.6539,-1.22,0
1483,NVDA,"NVDA reports cybersecurity breach, prompting investor selloff.",-0.7852,-3.85,0
1484,BTC,BTC trades sideways amidst broader market consolidation.,-0.0725,-1.74,1
1485,AAPL,"AAPL reports cybersecurity breach, prompting investor selloff.",-0.3776,-0.77,0
1486,META,"META reports cybersecurity breach, prompting investor selloff.",-0.9143,-2.86,0
1487,AMZN,"Regulatory scrutiny intensifies for AMZN, causing stock slump.",-0.5508,-1.46,0
1488,MSFT,"MSFT secures major enterprise partnership, expanding market dominance.",0.6798,3.25,1
1489,AAPL,"AAPL launches groundbreaking AI product line, driving analyst upgrades.",0.5426,1.48,1
1490,ETH,"ETH faces supply chain bottlenecks, lowering annual guidance.",-0.5938,-0.87,0
1491,TSLA,TSLA reports record quarterly revenue exceeding Wall Street expectations.,0.7175,2.82,1
1492,MSFT,Market analysts maintain neutral rating on MSFT ahead of earnings.,0.0102,0.54,0
1493,AAPL,Analyst downgrade for AAPL citing margin compression and slow growth.,-0.773,-0.56,0
1494,MSFT,MSFT reports record quarterly revenue exceeding Wall Street expectations.,0.4796,1.29,1
1495,ETH,ETH misses Q3 earnings estimates amid rising operational costs.,-0.9096,-2.35,0
1496,AMZN,"AMZN reports cybersecurity breach, prompting investor selloff.",-0.6245,-2.45,0
1497,GOOGL,Analyst downgrade for GOOGL citing margin compression and slow growth.,-0.8142,-3.59,0
1498,ETH,"Federal Reserve signals rate cut interest, sparking market rally in ETH.",0.8838,1.37,1
1499,ETH,"ETH secures major enterprise partnership, expanding market dominance.",0.763,1.8,1
1500,MSFT,MSFT shares plummet following unexpected CEO departure and audit concerns.,-0.4159,-1.78,0
1501,AAPL,Market analysts maintain neutral rating on AAPL ahead of earnings.,-0.1424,-1.63,1
1502,AAPL,"Federal Reserve signals rate cut interest, sparking market rally in AAPL.",0.7135,3.47,1
1503,TSLA,Inflation fears and macro headwinds pressure TSLA valuations lower.,-0.3572,0.26,0
1504,TSLA,Inflation fears and macro headwinds pressure TSLA valuations lower.,-0.3635,-1.64,0
1505,NVDA,NVDA announces routine board member appointment.,-0.1202,-0.54,0
1506,NVDA,Analysts raise price target for NVDA following strong demand metrics.,0.4382,2.12,1
1507,MSFT,Institutional investors surge buying in MSFT after bullish earnings call.,0.8513,1.86,1
1508,NVDA,NVDA announces routine board member appointment.,0.1485,-0.64,1
1509,AMZN,"Federal Reserve signals rate cut interest, sparking market rally in AMZN.",0.5542,0.98,1
1510,AAPL,AAPL shares plummet following unexpected CEO departure and audit concerns.,-0.4929,-1.61,0
1511,META,"META launches groundbreaking AI product line, driving analyst upgrades.",0.8461,2.27,1
1512,MSFT,"MSFT secures major enterprise partnership, expanding market dominance.",0.491,2.16,1
1513,META,META misses Q3 earnings estimates amid rising operational costs.,-0.6017,-2.24,0
1514,TSLA,"TSLA faces supply chain bottlenecks, lowering annual guidance.",-0.4806,-2.57,0
1515,NVDA,NVDA schedules upcoming annual shareholder meeting for next month.,0.0878,-0.25,0
1516,MSFT,Analyst downgrade for MSFT citing margin compression and slow growth.,-0.4058,-1.06,0
1517,MSFT,Decreased consumer demand hits MSFT quarterly profit margins.,-0.63,-2.49,0
1518,AAPL,AAPL misses Q3 earnings estimates amid rising operational costs.,-0.4237,-1.26,0
1519,GOOGL,Analysts raise price target for GOOGL following strong demand metrics.,0.6577,2.48,1
1520,GOOGL,"Regulatory scrutiny intensifies for GOOGL, causing stock slump.",-0.6551,-2.57,0
1521,AAPL,"AAPL reports cybersecurity breach, prompting investor selloff.",-0.7181,-4.22,0
1522,TSLA,TSLA shares plummet following unexpected CEO departure and audit concerns.,-0.3616,1.24,0
1523,TSLA,TSLA announces strategic acquisition to boost AI infrastructure.,0.8087,3.27,1
1524,ETH,Institutional investors surge buying in ETH after bullish earnings call.,0.6135,2.22,1
1525,AAPL,"Federal Reserve signals rate cut interest, sparking market rally in AAPL.",0.3875,1.25,1
1526,META,"Federal Reserve signals rate cut interest, sparking market rally in META.",0.9076,3.98,1
1527,GOOGL,Decreased consumer demand hits GOOGL quarterly profit margins.,-0.6337,-1.08,0
1528,TSLA,Analysts raise price target for TSLA following strong demand metrics.,0.4764,2.71,1
1529,ETH,"ETH faces supply chain bottlenecks, lowering annual guidance.",-0.3513,-0.47,0
1530,META,Analysts raise price target for META following strong demand metrics.,0.7927,3.18,1
1531,ETH,"ETH reports cybersecurity breach, prompting investor selloff.",-0.8643,-2.38,0
1532,ETH,Analyst downgrade for ETH citing margin compression and slow growth.,-0.53,-1.25,0
1533,BTC,"BTC launches groundbreaking AI product line, driving analyst upgrades.",0.3966,0.08,1
1534,GOOGL,"Federal Reserve signals rate cut interest, sparking market rally in GOOGL.",0.4166,0.15,1
1535,TSLA,Analysts raise price target for TSLA following strong demand metrics.,0.6635,1.95,1
1536,META,Analyst downgrade for META citing margin compression and slow growth.,-0.5257,-2.02,0
1537,TSLA,Institutional investors surge buying in TSLA after bullish earnings call.,0.7501,2.97,1
1538,NVDA,Decreased consumer demand hits NVDA quarterly profit margins.,-0.8586,-3.28,0
1539,META,META trades sideways amidst broader market consolidation.,0.025,-1.09,1
1540,MSFT,Analysts raise price target for MSFT following strong demand metrics.,0.7387,2.79,1
1541,GOOGL,GOOGL announces strategic acquisition to boost AI infrastructure.,0.6519,4.03,1
1542,BTC,Analyst downgrade for BTC citing margin compression and slow growth.,-0.5404,-2.92,0
1543,TSLA,Analyst downgrade for TSLA citing margin compression and slow growth.,-0.7681,-2.27,0
1544,AMZN,AMZN announces strategic acquisition to boost AI infrastructure.,0.7824,1.35,1
1545,META,"META launches groundbreaking AI product line, driving analyst upgrades.",0.4303,1.09,1
1546,AAPL,AAPL announces strategic acquisition to boost AI infrastructure.,0.4634,1.74,1
1547,TSLA,Strong subscriber growth drives TSLA shares to new 52-week high.,0.8874,2.33,1
1548,GOOGL,GOOGL reports record quarterly revenue exceeding Wall Street expectations.,0.3996,3.35,1
1549,ETH,Analysts raise price target for ETH following strong demand metrics.,0.689,2.58,1
1550,TSLA,TSLA trades sideways amidst broader market consolidation.,-0.0233,0.77,0
1551,BTC,BTC trades sideways amidst broader market consolidation.,-0.1152,0.19,0
1552,ETH,"Regulatory scrutiny intensifies for ETH, causing stock slump.",-0.8665,-2.94,0
1553,MSFT,MSFT shares plummet following unexpected CEO departure and audit concerns.,-0.8403,-3.47,0
1554,AMZN,Decreased consumer demand hits AMZN quarterly profit margins.,-0.7886,-3.08,0
1555,AMZN,Analyst downgrade for AMZN citing margin compression and slow growth.,-0.3503,-1.23,0
1556,META,META misses Q3 earnings estimates amid rising operational costs.,-0.6644,-3.1,0
1557,TSLA,"TSLA faces supply chain bottlenecks, lowering annual guidance.",-0.7281,-1.56,0
1558,TSLA,TSLA reports record quarterly revenue exceeding Wall Street expectations.,0.8719,2.8,1
1559,GOOGL,GOOGL schedules upcoming annual shareholder meeting for next month.,0.0889,0.23,1
1560,BTC,"Regulatory scrutiny intensifies for BTC, causing stock slump.",-0.5077,-2.12,0
1561,GOOGL,GOOGL shares plummet following unexpected CEO departure and audit concerns.,-0.5407,0.08,0
1562,MSFT,Analysts raise price target for MSFT following strong demand metrics.,0.7501,1.83,1
1563,AAPL,"AAPL launches groundbreaking AI product line, driving analyst upgrades.",0.6763,2.61,1
1564,MSFT,MSFT holds steady as investors await upcoming inflation report.,-0.1442,-1.01,0
1565,NVDA,"NVDA reports cybersecurity breach, prompting investor selloff.",-0.7519,-2.84,0
1566,ETH,ETH announces routine board member appointment.,-0.0307,0.25,1
1567,META,"META reports cybersecurity breach, prompting investor selloff.",-0.8181,-3.47,0
1568,ETH,Strong subscriber growth drives ETH shares to new 52-week high.,0.6113,2.25,1
1569,MSFT,MSFT announces strategic acquisition to boost AI infrastructure.,0.6608,1.32,1
1570,MSFT,"MSFT reports cybersecurity breach, prompting investor selloff.",-0.4224,-2.65,0
1571,NVDA,Analysts raise price target for NVDA following strong demand metrics.,0.8479,1.73,1
1572,GOOGL,"Federal Reserve signals rate cut interest, sparking market rally in GOOGL.",0.3894,1.99,1
1573,ETH,ETH holds steady as investors await upcoming inflation report.,-0.0048,-0.57,1
1574,BTC,BTC trades sideways amidst broader market consolidation.,0.0092,-0.0,1
1575,GOOGL,Analysts raise price target for GOOGL following strong demand metrics.,0.7854,3.42,1
1576,ETH,ETH shares plummet following unexpected CEO departure and audit concerns.,-0.7843,-2.54,0
1577,MSFT,Analyst downgrade for MSFT citing margin compression and slow growth.,-0.7171,-3.45,0
1578,AAPL,AAPL announces routine board member appointment.,0.0116,0.72,0
1579,TSLA,"Regulatory scrutiny intensifies for TSLA, causing stock slump.",-0.9453,-3.98,0
1580,GOOGL,Strong subscriber growth drives GOOGL shares to new 52-week high.,0.6678,4.01,1
1581,MSFT,MSFT holds steady as investors await upcoming inflation report.,0.0141,1.88,0
1582,GOOGL,"GOOGL secures major enterprise partnership, expanding market dominance.",0.8886,1.86,1
1583,AAPL,Analysts raise price target for AAPL following strong demand metrics.,0.8259,2.55,1
1584,GOOGL,"GOOGL secures major enterprise partnership, expanding market dominance.",0.9209,3.69,1
1585,BTC,"Regulatory scrutiny intensifies for BTC, causing stock slump.",-0.6365,-2.4,0
1586,TSLA,"TSLA reports cybersecurity breach, prompting investor selloff.",-0.8216,-4.07,0
1587,TSLA,TSLA announces routine board member appointment.,0.0988,1.43,1
1588,MSFT,MSFT holds steady as investors await upcoming inflation report.,0.0772,-0.53,0
1589,BTC,Analyst downgrade for BTC citing margin compression and slow growth.,-0.8016,-1.69,0
1590,AMZN,Decreased consumer demand hits AMZN quarterly profit margins.,-0.4369,-0.59,0
1591,ETH,Analyst downgrade for ETH citing margin compression and slow growth.,-0.7358,-3.58,0
1592,BTC,Inflation fears and macro headwinds pressure BTC valuations lower.,-0.465,-1.14,0
1593,GOOGL,GOOGL reports record quarterly revenue exceeding Wall Street expectations.,0.5917,4.87,1
1594,META,"META secures major enterprise partnership, expanding market dominance.",0.4044,0.24,1
1595,NVDA,NVDA announces strategic acquisition to boost AI infrastructure.,0.6963,3.39,1
1596,AMZN,Institutional investors surge buying in AMZN after bullish earnings call.,0.5651,1.5,1
1597,AMZN,AMZN misses Q3 earnings estimates amid rising operational costs.,-0.835,-4.14,0
1598,ETH,ETH reports record quarterly revenue exceeding Wall Street expectations.,0.4551,1.62,1
1599,TSLA,TSLA misses Q3 earnings estimates amid rising operational costs.,-0.3797,-2.56,0
1600,NVDA,"NVDA secures major enterprise partnership, expanding market dominance.",0.8053,4.41,1
1601,NVDA,NVDA announces strategic acquisition to boost AI infrastructure.,0.8865,4.23,1
1602,AMZN,Analyst downgrade for AMZN citing margin compression and slow growth.,-0.8273,-3.22,0
1603,BTC,Analysts raise price target for BTC following strong demand metrics.,0.7063,2.55,1
1604,AMZN,Analysts raise price target for AMZN following strong demand metrics.,0.6542,2.04,1
1605,NVDA,Analysts raise price target for NVDA following strong demand metrics.,0.8515,3.97,1
1606,BTC,"BTC secures major enterprise partnership, expanding market dominance.",0.441,0.69,1
1607,ETH,ETH shares plummet following unexpected CEO departure and audit concerns.,-0.7805,-3.14,0
1608,MSFT,MSFT misses Q3 earnings estimates amid rising operational costs.,-0.5957,-2.15,0
1609,GOOGL,GOOGL reports record quarterly revenue exceeding Wall Street expectations.,0.9338,2.68,1
1610,AMZN,Analysts raise price target for AMZN following strong demand metrics.,0.3811,0.52,1
1611,AMZN,Market analysts maintain neutral rating on AMZN ahead of earnings.,0.0489,-0.03,1
1612,TSLA,TSLA trades sideways amidst broader market consolidation.,0.0638,1.13,1
1613,ETH,Analysts raise price target for ETH following strong demand metrics.,0.9497,2.22,1
1614,GOOGL,Institutional investors surge buying in GOOGL after bullish earnings call.,0.4398,1.17,1
1615,META,"Regulatory scrutiny intensifies for META, causing stock slump.",-0.9376,-3.17,0
1616,AAPL,AAPL holds steady as investors await upcoming inflation report.,-0.0054,-1.42,0
1617,AMZN,"AMZN faces supply chain bottlenecks, lowering annual guidance.",-0.4946,-1.7,0
1618,ETH,ETH reports record quarterly revenue exceeding Wall Street expectations.,0.9098,2.42,1
1619,BTC,BTC announces strategic acquisition to boost AI infrastructure.,0.7786,3.38,1
1620,META,Institutional investors surge buying in META after bullish earnings call.,0.867,2.98,1
1621,AAPL,AAPL reports record quarterly revenue exceeding Wall Street expectations.,0.4671,0.6,1
1622,AMZN,AMZN reports record quarterly revenue exceeding Wall Street expectations.,0.7707,1.72,1
1623,META,META misses Q3 earnings estimates amid rising operational costs.,-0.7217,-2.16,0
1624,AMZN,Analysts raise price target for AMZN following strong demand metrics.,0.8193,2.44,1
1625,NVDA,"NVDA launches groundbreaking AI product line, driving analyst upgrades.",0.7195,2.56,1
1626,GOOGL,GOOGL misses Q3 earnings estimates amid rising operational costs.,-0.6256,0.15,0
1627,MSFT,"MSFT faces supply chain bottlenecks, lowering annual guidance.",-0.6606,-1.98,0
1628,ETH,"ETH secures major enterprise partnership, expanding market dominance.",0.725,2.3,1
1629,TSLA,Market analysts maintain neutral rating on TSLA ahead of earnings.,0.0005,0.34,0
1630,TSLA,"TSLA faces supply chain bottlenecks, lowering annual guidance.",-0.5732,-2.15,0
1631,AMZN,Analyst downgrade for AMZN citing margin compression and slow growth.,-0.8379,-2.98,0
1632,MSFT,MSFT reports record quarterly revenue exceeding Wall Street expectations.,0.911,3.0,1
1633,MSFT,Decreased consumer demand hits MSFT quarterly profit margins.,-0.5867,-2.64,0
1634,TSLA,Analysts raise price target for TSLA following strong demand metrics.,0.7565,1.63,1
1635,TSLA,TSLA announces strategic acquisition to boost AI infrastructure.,0.9167,4.32,1
1636,META,Analysts raise price target for META following strong demand metrics.,0.8212,3.79,1
1637,BTC,BTC holds steady as investors await upcoming inflation report.,0.1324,0.44,1
1638,AAPL,"AAPL launches groundbreaking AI product line, driving analyst upgrades.",0.418,1.25,1
1639,ETH,"Regulatory scrutiny intensifies for ETH, causing stock slump.",-0.6007,-2.03,0
1640,META,"META launches groundbreaking AI product line, driving analyst upgrades.",0.6601,1.16,1
1641,NVDA,"NVDA secures major enterprise partnership, expanding market dominance.",0.6798,1.73,1
1642,META,Institutional investors surge buying in META after bullish earnings call.,0.9053,3.52,1
1643,AMZN,Strong subscriber growth drives AMZN shares to new 52-week high.,0.7675,1.98,1
1644,TSLA,"TSLA launches groundbreaking AI product line, driving analyst upgrades.",0.7723,2.63,1
1645,GOOGL,"GOOGL launches groundbreaking AI product line, driving analyst upgrades.",0.6204,2.86,1
1646,AMZN,"AMZN launches groundbreaking AI product line, driving analyst upgrades.",0.8697,4.45,1
1647,AAPL,AAPL reports record quarterly revenue exceeding Wall Street expectations.,0.4429,1.38,1
1648,GOOGL,Decreased consumer demand hits GOOGL quarterly profit margins.,-0.5419,-1.68,0
1649,AAPL,"AAPL secures major enterprise partnership, expanding market dominance.",0.9118,3.75,1
1650,AMZN,Decreased consumer demand hits AMZN quarterly profit margins.,-0.8369,-2.88,0
1651,GOOGL,GOOGL schedules upcoming annual shareholder meeting for next month.,-0.0006,0.58,1
1652,MSFT,MSFT announces routine board member appointment.,0.1084,0.12,1
1653,ETH,Analysts raise price target for ETH following strong demand metrics.,0.7037,3.72,1
1654,TSLA,Inflation fears and macro headwinds pressure TSLA valuations lower.,-0.5576,-0.92,0
1655,MSFT,MSFT announces routine board member appointment.,-0.1459,-1.07,0
1656,TSLA,Institutional investors surge buying in TSLA after bullish earnings call.,0.6049,1.42,1
1657,AAPL,"Regulatory scrutiny intensifies for AAPL, causing stock slump.",-0.7267,-1.93,0
1658,NVDA,"NVDA reports cybersecurity breach, prompting investor selloff.",-0.6234,-2.45,0
1659,NVDA,NVDA misses Q3 earnings estimates amid rising operational costs.,-0.798,-3.11,0
1660,GOOGL,"GOOGL reports cybersecurity breach, prompting investor selloff.",-0.7887,-1.58,0
1661,AAPL,AAPL schedules upcoming annual shareholder meeting for next month.,-0.1395,0.31,1
1662,GOOGL,"GOOGL secures major enterprise partnership, expanding market dominance.",0.671,2.16,1
1663,MSFT,"Regulatory scrutiny intensifies for MSFT, causing stock slump.",-0.4552,-1.98,0
1664,ETH,Strong subscriber growth drives ETH shares to new 52-week high.,0.6516,0.86,1
1665,GOOGL,"GOOGL secures major enterprise partnership, expanding market dominance.",0.4132,1.05,1
1666,TSLA,Strong subscriber growth drives TSLA shares to new 52-week high.,0.4457,2.71,1
1667,MSFT,Analyst downgrade for MSFT citing margin compression and slow growth.,-0.5515,-1.82,0
1668,AMZN,"AMZN secures major enterprise partnership, expanding market dominance.",0.5235,1.96,1
1669,AMZN,Market analysts maintain neutral rating on AMZN ahead of earnings.,0.0045,-1.07,1
1670,AMZN,AMZN trades sideways amidst broader market consolidation.,-0.0577,-1.26,1
1671,MSFT,"MSFT launches groundbreaking AI product line, driving analyst upgrades.",0.5741,1.29,1
1672,AAPL,AAPL reports record quarterly revenue exceeding Wall Street expectations.,0.3966,0.77,1
1673,NVDA,NVDA reports record quarterly revenue exceeding Wall Street expectations.,0.8653,3.77,1
1674,META,Decreased consumer demand hits META quarterly profit margins.,-0.6865,-2.02,0
1675,GOOGL,GOOGL announces strategic acquisition to boost AI infrastructure.,0.7542,3.08,1
1676,META,META announces strategic acquisition to boost AI infrastructure.,0.3512,0.49,1
1677,TSLA,Analyst downgrade for TSLA citing margin compression and slow growth.,-0.641,-2.47,0
1678,NVDA,NVDA reports record quarterly revenue exceeding Wall Street expectations.,0.4771,2.01,1
1679,META,Strong subscriber growth drives META shares to new 52-week high.,0.5106,2.75,1
1680,BTC,BTC shares plummet following unexpected CEO departure and audit concerns.,-0.7012,-3.09,0
1681,AAPL,Analysts raise price target for AAPL following strong demand metrics.,0.7574,3.84,1
1682,TSLA,Institutional investors surge buying in TSLA after bullish earnings call.,0.8723,2.64,1
1683,TSLA,TSLA announces strategic acquisition to boost AI infrastructure.,0.4192,0.73,1
1684,META,"META launches groundbreaking AI product line, driving analyst upgrades.",0.6574,2.51,1
1685,MSFT,"MSFT faces supply chain bottlenecks, lowering annual guidance.",-0.8274,-5.04,0
1686,AAPL,"AAPL faces supply chain bottlenecks, lowering annual guidance.",-0.9086,-2.97,0
1687,NVDA,NVDA shares plummet following unexpected CEO departure and audit concerns.,-0.8169,-2.35,0
1688,GOOGL,Inflation fears and macro headwinds pressure GOOGL valuations lower.,-0.4984,-1.46,0
1689,ETH,ETH schedules upcoming annual shareholder meeting for next month.,-0.0045,-0.21,0
1690,NVDA,NVDA misses Q3 earnings estimates amid rising operational costs.,-0.4205,-0.33,0
1691,NVDA,Strong subscriber growth drives NVDA shares to new 52-week high.,0.5827,1.82,1
1692,ETH,"ETH reports cybersecurity breach, prompting investor selloff.",-0.9101,-2.43,0
1693,ETH,ETH holds steady as investors await upcoming inflation report.,-0.0374,-1.63,1
1694,NVDA,Strong subscriber growth drives NVDA shares to new 52-week high.,0.5735,2.5,1
1695,META,Analysts raise price target for META following strong demand metrics.,0.5717,1.9,1
1696,TSLA,TSLA misses Q3 earnings estimates amid rising operational costs.,-0.7261,-2.86,0
1697,TSLA,"TSLA reports cybersecurity breach, prompting investor selloff.",-0.9208,-4.55,0
1698,MSFT,Decreased consumer demand hits MSFT quarterly profit margins.,-0.4682,-0.18,0
1699,AMZN,Institutional investors surge buying in AMZN after bullish earnings call.,0.4743,1.02,1
1700,ETH,Strong subscriber growth drives ETH shares to new 52-week high.,0.8,4.01,1
1701,AAPL,AAPL announces strategic acquisition to boost AI infrastructure.,0.7083,3.11,1
1702,MSFT,Decreased consumer demand hits MSFT quarterly profit margins.,-0.8561,-2.75,0
1703,GOOGL,"Federal Reserve signals rate cut interest, sparking market rally in GOOGL.",0.5383,1.28,1
1704,AAPL,"Regulatory scrutiny intensifies for AAPL, causing stock slump.",-0.7203,-3.07,0
1705,META,Inflation fears and macro headwinds pressure META valuations lower.,-0.6913,-1.12,0
1706,NVDA,NVDA trades sideways amidst broader market consolidation.,-0.0526,1.75,0
1707,MSFT,MSFT shares plummet following unexpected CEO departure and audit concerns.,-0.5572,-1.46,0
1708,META,META announces routine board member appointment.,0.0821,0.71,1
1709,AAPL,AAPL reports record quarterly revenue exceeding Wall Street expectations.,0.6284,1.75,1
1710,NVDA,Analyst downgrade for NVDA citing margin compression and slow growth.,-0.9266,-4.49,0
1711,TSLA,TSLA misses Q3 earnings estimates amid rising operational costs.,-0.4112,-1.7,0
1712,META,META holds steady as investors await upcoming inflation report.,0.1035,0.95,0
1713,GOOGL,Decreased consumer demand hits GOOGL quarterly profit margins.,-0.893,-2.52,0
1714,NVDA,Market analysts maintain neutral rating on NVDA ahead of earnings.,0.0213,0.56,0
1715,AAPL,Market analysts maintain neutral rating on AAPL ahead of earnings.,-0.0419,-1.6,1
1716,MSFT,Strong subscriber growth drives MSFT shares to new 52-week high.,0.3603,1.77,1
1717,BTC,Inflation fears and macro headwinds pressure BTC valuations lower.,-0.7646,-2.65,0
1718,NVDA,NVDA trades sideways amidst broader market consolidation.,0.1093,-0.5,1
1719,ETH,Institutional investors surge buying in ETH after bullish earnings call.,0.804,4.23,1
1720,ETH,Analysts raise price target for ETH following strong demand metrics.,0.871,2.65,1
1721,TSLA,Institutional investors surge buying in TSLA after bullish earnings call.,0.7298,0.54,1
1722,TSLA,TSLA misses Q3 earnings estimates amid rising operational costs.,-0.6733,-3.44,0
1723,GOOGL,"GOOGL faces supply chain bottlenecks, lowering annual guidance.",-0.3805,-1.68,0
1724,GOOGL,GOOGL announces strategic acquisition to boost AI infrastructure.,0.905,4.01,1
1725,MSFT,Analysts raise price target for MSFT following strong demand metrics.,0.7683,1.64,1
1726,NVDA,"NVDA reports cybersecurity breach, prompting investor selloff.",-0.5904,-1.37,0
1727,BTC,Decreased consumer demand hits BTC quarterly profit margins.,-0.6022,-1.6,0
1728,TSLA,"Federal Reserve signals rate cut interest, sparking market rally in TSLA.",0.365,1.22,1
1729,BTC,Decreased consumer demand hits BTC quarterly profit margins.,-0.4039,-1.06,0
1730,TSLA,Decreased consumer demand hits TSLA quarterly profit margins.,-0.5645,-1.87,0
1731,GOOGL,Inflation fears and macro headwinds pressure GOOGL valuations lower.,-0.8931,-1.82,0
1732,BTC,BTC reports record quarterly revenue exceeding Wall Street expectations.,0.7141,3.1,1
1733,AMZN,Strong subscriber growth drives AMZN shares to new 52-week high.,0.7454,2.95,1
1734,BTC,Institutional investors surge buying in BTC after bullish earnings call.,0.83,2.63,1
1735,ETH,ETH announces routine board member appointment.,-0.0851,1.0,1
1736,MSFT,"MSFT secures major enterprise partnership, expanding market dominance.",0.5585,3.08,1
1737,MSFT,MSFT schedules upcoming annual shareholder meeting for next month.,0.0508,0.57,1
1738,TSLA,"TSLA secures major enterprise partnership, expanding market dominance.",0.4509,0.1,1
1739,AMZN,"Federal Reserve signals rate cut interest, sparking market rally in AMZN.",0.4106,1.23,1
1740,NVDA,NVDA schedules upcoming annual shareholder meeting for next month.,0.1403,0.3,0
1741,BTC,Analysts raise price target for BTC following strong demand metrics.,0.5458,1.1,1
1742,META,"META secures major enterprise partnership, expanding market dominance.",0.7544,2.03,1
1743,AMZN,Strong subscriber growth drives AMZN shares to new 52-week high.,0.8889,3.79,1
1744,MSFT,"Regulatory scrutiny intensifies for MSFT, causing stock slump.",-0.6467,-1.06,0
1745,BTC,Inflation fears and macro headwinds pressure BTC valuations lower.,-0.8455,-3.09,0
1746,ETH,ETH shares plummet following unexpected CEO departure and audit concerns.,-0.6988,-1.62,0
1747,ETH,ETH reports record quarterly revenue exceeding Wall Street expectations.,0.6946,3.33,1
1748,META,META misses Q3 earnings estimates amid rising operational costs.,-0.4909,-1.17,0
1749,BTC,Analysts raise price target for BTC following strong demand metrics.,0.6637,4.01,1
1750,GOOGL,"GOOGL reports cybersecurity breach, prompting investor selloff.",-0.8798,-3.39,0
1751,TSLA,TSLA announces strategic acquisition to boost AI infrastructure.,0.6224,1.79,1
1752,AAPL,Decreased consumer demand hits AAPL quarterly profit margins.,-0.6094,-1.86,0
1753,ETH,Decreased consumer demand hits ETH quarterly profit margins.,-0.5632,-1.73,0
1754,ETH,"ETH faces supply chain bottlenecks, lowering annual guidance.",-0.8653,-4.24,0
1755,GOOGL,GOOGL trades sideways amidst broader market consolidation.,-0.0664,0.12,0
1756,GOOGL,Decreased consumer demand hits GOOGL quarterly profit margins.,-0.368,-1.63,0
1757,BTC,Strong subscriber growth drives BTC shares to new 52-week high.,0.5747,1.59,1
1758,AAPL,AAPL shares plummet following unexpected CEO departure and audit concerns.,-0.4724,-0.7,0
1759,AMZN,AMZN misses Q3 earnings estimates amid rising operational costs.,-0.7984,-0.81,0
1760,GOOGL,GOOGL shares plummet following unexpected CEO departure and audit concerns.,-0.4276,0.32,0
1761,TSLA,"TSLA secures major enterprise partnership, expanding market dominance.",0.8002,2.69,1
1762,AAPL,"Federal Reserve signals rate cut interest, sparking market rally in AAPL.",0.9024,2.21,1
1763,META,"Federal Reserve signals rate cut interest, sparking market rally in META.",0.9047,3.51,1
1764,MSFT,MSFT misses Q3 earnings estimates amid rising operational costs.,-0.5285,-0.76,0
1765,META,"Regulatory scrutiny intensifies for META, causing stock slump.",-0.6422,-1.96,0
1766,TSLA,Strong subscriber growth drives TSLA shares to new 52-week high.,0.6354,2.36,1
1767,MSFT,Inflation fears and macro headwinds pressure MSFT valuations lower.,-0.7458,-0.68,0
1768,ETH,Analyst downgrade for ETH citing margin compression and slow growth.,-0.6492,-2.1,0
1769,META,Decreased consumer demand hits META quarterly profit margins.,-0.6193,-1.21,0
1770,AAPL,"AAPL faces supply chain bottlenecks, lowering annual guidance.",-0.6806,-2.56,0
1771,ETH,"ETH secures major enterprise partnership, expanding market dominance.",0.7848,2.95,1
1772,BTC,BTC announces routine board member appointment.,-0.0361,-0.84,1
1773,NVDA,"NVDA faces supply chain bottlenecks, lowering annual guidance.",-0.5591,-1.73,0
1774,MSFT,"MSFT reports cybersecurity breach, prompting investor selloff.",-0.3936,-2.52,0
1775,GOOGL,Institutional investors surge buying in GOOGL after bullish earnings call.,0.7997,2.13,1
1776,AAPL,Analysts raise price target for AAPL following strong demand metrics.,0.5255,1.73,1
1777,MSFT,Market analysts maintain neutral rating on MSFT ahead of earnings.,0.0411,-0.73,1
1778,TSLA,TSLA shares plummet following unexpected CEO departure and audit concerns.,-0.4191,-1.03,0
1779,AMZN,AMZN reports record quarterly revenue exceeding Wall Street expectations.,0.519,2.61,1
1780,META,Analysts raise price target for META following strong demand metrics.,0.5371,2.71,1
1781,NVDA,"Federal Reserve signals rate cut interest, sparking market rally in NVDA.",0.6157,1.5,1
1782,BTC,Analyst downgrade for BTC citing margin compression and slow growth.,-0.8386,-3.94,0
1783,TSLA,TSLA announces routine board member appointment.,-0.1005,-1.17,0
1784,META,META schedules upcoming annual shareholder meeting for next month.,0.124,1.19,0
1785,BTC,"Regulatory scrutiny intensifies for BTC, causing stock slump.",-0.4071,-2.48,0
1786,NVDA,NVDA trades sideways amidst broader market consolidation.,-0.1156,0.28,1
1787,AAPL,"AAPL secures major enterprise partnership, expanding market dominance.",0.869,3.71,1
1788,META,META announces routine board member appointment.,0.0772,-0.5,0
1789,META,Strong subscriber growth drives META shares to new 52-week high.,0.4644,1.2,1
1790,ETH,ETH announces routine board member appointment.,-0.114,-1.24,1
1791,AAPL,Institutional investors surge buying in AAPL after bullish earnings call.,0.6457,2.88,1
1792,ETH,ETH reports record quarterly revenue exceeding Wall Street expectations.,0.5841,0.74,1
1793,GOOGL,GOOGL announces routine board member appointment.,0.0699,1.77,1
1794,NVDA,"NVDA launches groundbreaking AI product line, driving analyst upgrades.",0.5461,2.56,1
1795,AAPL,Analysts raise price target for AAPL following strong demand metrics.,0.8306,3.05,1
1796,META,Analysts raise price target for META following strong demand metrics.,0.9383,2.55,1
1797,MSFT,"Federal Reserve signals rate cut interest, sparking market rally in MSFT.",0.8201,3.58,1
1798,META,Analysts raise price target for META following strong demand metrics.,0.7989,4.01,1
1799,GOOGL,Strong subscriber growth drives GOOGL shares to new 52-week high.,0.5058,1.72,1
1800,TSLA,"TSLA secures major enterprise partnership, expanding market dominance.",0.3664,1.64,1
1801,AAPL,Inflation fears and macro headwinds pressure AAPL valuations lower.,-0.3563,-2.11,0
1802,GOOGL,GOOGL schedules upcoming annual shareholder meeting for next month.,-0.1271,-0.27,1
1803,BTC,BTC reports record quarterly revenue exceeding Wall Street expectations.,0.5469,0.7,1
1804,GOOGL,Decreased consumer demand hits GOOGL quarterly profit margins.,-0.7214,-4.79,0
1805,GOOGL,GOOGL shares plummet following unexpected CEO departure and audit concerns.,-0.6745,-2.03,0
1806,GOOGL,"Regulatory scrutiny intensifies for GOOGL, causing stock slump.",-0.5397,-2.04,0
1807,ETH,"ETH reports cybersecurity breach, prompting investor selloff.",-0.6646,-3.24,0
1808,TSLA,TSLA schedules upcoming annual shareholder meeting for next month.,0.1284,0.2,1
1809,META,META announces strategic acquisition to boost AI infrastructure.,0.6574,3.13,1
1810,AMZN,Inflation fears and macro headwinds pressure AMZN valuations lower.,-0.3859,-0.27,0
1811,BTC,Institutional investors surge buying in BTC after bullish earnings call.,0.5741,1.64,1
1812,AMZN,"AMZN launches groundbreaking AI product line, driving analyst upgrades.",0.6727,2.12,1
1813,MSFT,MSFT announces strategic acquisition to boost AI infrastructure.,0.5228,1.46,1
1814,AMZN,"AMZN secures major enterprise partnership, expanding market dominance.",0.661,2.36,1
1815,TSLA,Decreased consumer demand hits TSLA quarterly profit margins.,-0.7594,-1.94,0
1816,META,Market analysts maintain neutral rating on META ahead of earnings.,-0.0361,-0.52,0
1817,NVDA,Strong subscriber growth drives NVDA shares to new 52-week high.,0.6688,1.75,1
1818,TSLA,TSLA shares plummet following unexpected CEO departure and audit concerns.,-0.5552,-0.49,0
1819,GOOGL,GOOGL trades sideways amidst broader market consolidation.,-0.0206,-0.22,0
1820,TSLA,"TSLA launches groundbreaking AI product line, driving analyst upgrades.",0.6585,2.55,1
1821,MSFT,Market analysts maintain neutral rating on MSFT ahead of earnings.,0.0178,0.86,1
1822,AMZN,Analysts raise price target for AMZN following strong demand metrics.,0.5575,2.82,1
1823,GOOGL,"GOOGL faces supply chain bottlenecks, lowering annual guidance.",-0.3819,-0.26,0
1824,NVDA,NVDA announces routine board member appointment.,0.0479,-0.21,1
1825,AAPL,AAPL reports record quarterly revenue exceeding Wall Street expectations.,0.4587,0.57,1
1826,AMZN,Decreased consumer demand hits AMZN quarterly profit margins.,-0.4842,-1.24,0
1827,TSLA,"Federal Reserve signals rate cut interest, sparking market rally in TSLA.",0.6154,2.68,1
1828,META,META misses Q3 earnings estimates amid rising operational costs.,-0.553,-1.24,0
1829,AMZN,"AMZN launches groundbreaking AI product line, driving analyst upgrades.",0.4903,2.11,1
1830,ETH,Strong subscriber growth drives ETH shares to new 52-week high.,0.4782,1.39,1
1831,AAPL,Analysts raise price target for AAPL following strong demand metrics.,0.3672,1.14,1
1832,AMZN,AMZN holds steady as investors await upcoming inflation report.,-0.1314,-0.44,1
1833,BTC,BTC announces routine board member appointment.,-0.0222,-0.55,1
1834,BTC,"Federal Reserve signals rate cut interest, sparking market rally in BTC.",0.9082,3.7,1
1835,AMZN,AMZN shares plummet following unexpected CEO departure and audit concerns.,-0.5741,-2.82,0
1836,META,"META secures major enterprise partnership, expanding market dominance.",0.8055,2.04,1
1837,NVDA,"NVDA reports cybersecurity breach, prompting investor selloff.",-0.632,-2.01,0
1838,MSFT,Analyst downgrade for MSFT citing margin compression and slow growth.,-0.6216,-3.12,0
1839,ETH,"ETH secures major enterprise partnership, expanding market dominance.",0.5946,2.02,1
1840,GOOGL,Institutional investors surge buying in GOOGL after bullish earnings call.,0.5525,1.86,1
1841,TSLA,Strong subscriber growth drives TSLA shares to new 52-week high.,0.9356,2.24,1
1842,AMZN,Analysts raise price target for AMZN following strong demand metrics.,0.5968,1.1,1
1843,GOOGL,GOOGL schedules upcoming annual shareholder meeting for next month.,-0.1077,-0.0,1
1844,GOOGL,GOOGL shares plummet following unexpected CEO departure and audit concerns.,-0.3561,0.42,0
1845,ETH,ETH announces strategic acquisition to boost AI infrastructure.,0.4204,1.1,1
1846,NVDA,NVDA shares plummet following unexpected CEO departure and audit concerns.,-0.5673,-2.81,0
1847,MSFT,"MSFT faces supply chain bottlenecks, lowering annual guidance.",-0.7033,-3.93,0
1848,AAPL,Inflation fears and macro headwinds pressure AAPL valuations lower.,-0.8291,-3.53,0
1849,MSFT,"Federal Reserve signals rate cut interest, sparking market rally in MSFT.",0.844,4.13,1
1850,TSLA,TSLA reports record quarterly revenue exceeding Wall Street expectations.,0.8839,3.33,1
1851,AAPL,AAPL shares plummet following unexpected CEO departure and audit concerns.,-0.4908,-1.25,0
1852,NVDA,"Federal Reserve signals rate cut interest, sparking market rally in NVDA.",0.406,1.1,1
1853,NVDA,"NVDA launches groundbreaking AI product line, driving analyst upgrades.",0.8837,2.29,1
1854,BTC,"Federal Reserve signals rate cut interest, sparking market rally in BTC.",0.7982,2.52,1
1855,MSFT,MSFT shares plummet following unexpected CEO departure and audit concerns.,-0.5864,-2.73,0
1856,ETH,ETH schedules upcoming annual shareholder meeting for next month.,-0.0104,0.96,0
1857,ETH,"ETH secures major enterprise partnership, expanding market dominance.",0.6396,2.79,1
1858,AMZN,Analysts raise price target for AMZN following strong demand metrics.,0.73,3.44,1
1859,ETH,ETH trades sideways amidst broader market consolidation.,0.0918,0.89,1
1860,MSFT,Decreased consumer demand hits MSFT quarterly profit margins.,-0.4699,-3.33,0
1861,GOOGL,"GOOGL secures major enterprise partnership, expanding market dominance.",0.9449,4.01,1
1862,AMZN,Inflation fears and macro headwinds pressure AMZN valuations lower.,-0.5442,-1.34,0
1863,AMZN,Decreased consumer demand hits AMZN quarterly profit margins.,-0.7725,-2.18,0
1864,BTC,BTC announces strategic acquisition to boost AI infrastructure.,0.3597,0.35,1
1865,GOOGL,GOOGL misses Q3 earnings estimates amid rising operational costs.,-0.551,-3.5,0
1866,AAPL,"AAPL reports cybersecurity breach, prompting investor selloff.",-0.6506,-1.71,0
1867,MSFT,"MSFT secures major enterprise partnership, expanding market dominance.",0.7369,1.77,1
1868,AAPL,Analysts raise price target for AAPL following strong demand metrics.,0.564,1.12,1
1869,NVDA,Strong subscriber growth drives NVDA shares to new 52-week high.,0.6742,2.85,1
1870,GOOGL,"GOOGL reports cybersecurity breach, prompting investor selloff.",-0.722,-0.31,0
1871,MSFT,MSFT reports record quarterly revenue exceeding Wall Street expectations.,0.5839,1.14,1
1872,META,Market analysts maintain neutral rating on META ahead of earnings.,0.0096,-0.02,1
1873,NVDA,Market analysts maintain neutral rating on NVDA ahead of earnings.,0.0937,-0.33,0
1874,AMZN,AMZN shares plummet following unexpected CEO departure and audit concerns.,-0.5332,-3.17,0
1875,AAPL,"AAPL faces supply chain bottlenecks, lowering annual guidance.",-0.55,-1.77,0
1876,AMZN,Analyst downgrade for AMZN citing margin compression and slow growth.,-0.6944,-3.22,0
1877,NVDA,NVDA shares plummet following unexpected CEO departure and audit concerns.,-0.4818,-0.79,0
1878,AMZN,AMZN shares plummet following unexpected CEO departure and audit concerns.,-0.44,-0.96,0
1879,NVDA,"Federal Reserve signals rate cut interest, sparking market rally in NVDA.",0.9281,3.21,1
1880,ETH,Analysts raise price target for ETH following strong demand metrics.,0.8495,2.19,1
1881,NVDA,"NVDA reports cybersecurity breach, prompting investor selloff.",-0.91,-3.24,0
1882,GOOGL,"GOOGL faces supply chain bottlenecks, lowering annual guidance.",-0.5364,-2.01,0
1883,AMZN,"AMZN launches groundbreaking AI product line, driving analyst upgrades.",0.4424,1.58,1
1884,AMZN,Inflation fears and macro headwinds pressure AMZN valuations lower.,-0.9052,-2.84,0
1885,META,META misses Q3 earnings estimates amid rising operational costs.,-0.5297,-2.41,0
1886,NVDA,NVDA trades sideways amidst broader market consolidation.,-0.0553,0.74,0
1887,ETH,Decreased consumer demand hits ETH quarterly profit margins.,-0.7512,-3.4,0
1888,AAPL,"Regulatory scrutiny intensifies for AAPL, causing stock slump.",-0.7026,-1.16,0
1889,GOOGL,GOOGL shares plummet following unexpected CEO departure and audit concerns.,-0.8777,-2.73,0
1890,ETH,Analysts raise price target for ETH following strong demand metrics.,0.396,1.45,1
1891,NVDA,NVDA misses Q3 earnings estimates amid rising operational costs.,-0.8862,-3.21,0
1892,ETH,"ETH launches groundbreaking AI product line, driving analyst upgrades.",0.7184,3.36,1
1893,MSFT,"MSFT secures major enterprise partnership, expanding market dominance.",0.5882,0.24,1
1894,META,"Regulatory scrutiny intensifies for META, causing stock slump.",-0.8314,-3.86,0
1895,ETH,ETH shares plummet following unexpected CEO departure and audit concerns.,-0.8833,-3.41,0
1896,MSFT,Analyst downgrade for MSFT citing margin compression and slow growth.,-0.5094,-1.2,0
1897,GOOGL,GOOGL reports record quarterly revenue exceeding Wall Street expectations.,0.3752,0.7,1
1898,BTC,Analysts raise price target for BTC following strong demand metrics.,0.5273,1.64,1
1899,AMZN,Analysts raise price target for AMZN following strong demand metrics.,0.7057,2.25,1
1900,NVDA,Analysts raise price target for NVDA following strong demand metrics.,0.5729,1.77,1
1901,MSFT,"Federal Reserve signals rate cut interest, sparking market rally in MSFT.",0.5415,2.12,1
1902,GOOGL,Analyst downgrade for GOOGL citing margin compression and slow growth.,-0.4005,-4.07,0
1903,AMZN,AMZN shares plummet following unexpected CEO departure and audit concerns.,-0.8329,-3.85,0
1904,META,Strong subscriber growth drives META shares to new 52-week high.,0.7832,3.68,1
1905,BTC,"BTC faces supply chain bottlenecks, lowering annual guidance.",-0.6402,-1.7,0
1906,ETH,ETH holds steady as investors await upcoming inflation report.,0.0929,0.43,1
1907,META,META trades sideways amidst broader market consolidation.,-0.1461,-2.06,0
1908,TSLA,TSLA shares plummet following unexpected CEO departure and audit concerns.,-0.8801,-2.38,0
1909,TSLA,"TSLA faces supply chain bottlenecks, lowering annual guidance.",-0.6744,-2.07,0
1910,AMZN,"AMZN secures major enterprise partnership, expanding market dominance.",0.5619,2.15,1
1911,BTC,Analyst downgrade for BTC citing margin compression and slow growth.,-0.3888,-3.31,0
1912,MSFT,"Federal Reserve signals rate cut interest, sparking market rally in MSFT.",0.8698,1.84,1
1913,META,Analyst downgrade for META citing margin compression and slow growth.,-0.9414,-3.62,0
1914,GOOGL,GOOGL announces strategic acquisition to boost AI infrastructure.,0.8226,2.86,1
1915,MSFT,"Regulatory scrutiny intensifies for MSFT, causing stock slump.",-0.6242,-1.04,0
1916,NVDA,"NVDA secures major enterprise partnership, expanding market dominance.",0.4965,0.58,1
1917,NVDA,NVDA announces strategic acquisition to boost AI infrastructure.,0.8629,2.36,1
1918,AMZN,Analysts raise price target for AMZN following strong demand metrics.,0.3927,0.88,1
1919,META,"META faces supply chain bottlenecks, lowering annual guidance.",-0.4232,-1.04,0
1920,ETH,ETH holds steady as investors await upcoming inflation report.,-0.0944,-0.28,1
1921,MSFT,"Regulatory scrutiny intensifies for MSFT, causing stock slump.",-0.3824,-1.73,0
1922,ETH,ETH schedules upcoming annual shareholder meeting for next month.,-0.1119,0.27,0
1923,ETH,ETH announces strategic acquisition to boost AI infrastructure.,0.9437,3.56,1
1924,TSLA,Market analysts maintain neutral rating on TSLA ahead of earnings.,0.0164,0.16,0
1925,ETH,"Federal Reserve signals rate cut interest, sparking market rally in ETH.",0.5965,-0.03,1
1926,AMZN,Analyst downgrade for AMZN citing margin compression and slow growth.,-0.8438,-3.21,0
1927,TSLA,"TSLA launches groundbreaking AI product line, driving analyst upgrades.",0.7096,1.75,1
1928,MSFT,Strong subscriber growth drives MSFT shares to new 52-week high.,0.7205,3.43,1
1929,TSLA,"TSLA reports cybersecurity breach, prompting investor selloff.",-0.8826,-2.2,0
1930,TSLA,"TSLA reports cybersecurity breach, prompting investor selloff.",-0.4805,-2.21,0
1931,NVDA,"NVDA launches groundbreaking AI product line, driving analyst upgrades.",0.8746,2.66,1
1932,ETH,"ETH faces supply chain bottlenecks, lowering annual guidance.",-0.3631,-0.79,0
1933,META,Analysts raise price target for META following strong demand metrics.,0.5505,1.48,1
1934,AAPL,"AAPL faces supply chain bottlenecks, lowering annual guidance.",-0.9092,-1.9,0
1935,AAPL,Market analysts maintain neutral rating on AAPL ahead of earnings.,-0.108,-2.15,0
1936,META,Decreased consumer demand hits META quarterly profit margins.,-0.8689,-2.16,0
1937,NVDA,Strong subscriber growth drives NVDA shares to new 52-week high.,0.3566,1.66,1
1938,BTC,BTC reports record quarterly revenue exceeding Wall Street expectations.,0.475,2.97,1
1939,META,META announces strategic acquisition to boost AI infrastructure.,0.6403,0.78,1
1940,TSLA,TSLA misses Q3 earnings estimates amid rising operational costs.,-0.5565,-2.79,0
1941,META,META shares plummet following unexpected CEO departure and audit concerns.,-0.8152,-3.0,0
1942,AMZN,"AMZN faces supply chain bottlenecks, lowering annual guidance.",-0.533,-3.2,0
1943,ETH,"Regulatory scrutiny intensifies for ETH, causing stock slump.",-0.6421,-2.38,0
1944,AMZN,Institutional investors surge buying in AMZN after bullish earnings call.,0.3866,0.5,1
1945,ETH,"ETH launches groundbreaking AI product line, driving analyst upgrades.",0.3539,-0.23,1
1946,GOOGL,Analysts raise price target for GOOGL following strong demand metrics.,0.7009,2.43,1
1947,BTC,Institutional investors surge buying in BTC after bullish earnings call.,0.633,2.4,1
1948,AAPL,"Federal Reserve signals rate cut interest, sparking market rally in AAPL.",0.6628,1.71,1
1949,AAPL,Institutional investors surge buying in AAPL after bullish earnings call.,0.6467,2.45,1
1950,TSLA,"TSLA reports cybersecurity breach, prompting investor selloff.",-0.6922,-3.21,0
1951,GOOGL,GOOGL schedules upcoming annual shareholder meeting for next month.,-0.0518,0.23,0
1952,TSLA,Institutional investors surge buying in TSLA after bullish earnings call.,0.7064,2.02,1
1953,MSFT,"Federal Reserve signals rate cut interest, sparking market rally in MSFT.",0.8489,3.42,1
1954,ETH,"ETH secures major enterprise partnership, expanding market dominance.",0.3588,0.61,1
1955,ETH,Analyst downgrade for ETH citing margin compression and slow growth.,-0.5604,-1.11,0
1956,AMZN,AMZN announces strategic acquisition to boost AI infrastructure.,0.4423,2.03,1
1957,AMZN,AMZN shares plummet following unexpected CEO departure and audit concerns.,-0.6112,-1.13,0
1958,AMZN,AMZN holds steady as investors await upcoming inflation report.,-0.0875,0.61,0
1959,NVDA,Strong subscriber growth drives NVDA shares to new 52-week high.,0.3843,1.03,1
1960,MSFT,"Federal Reserve signals rate cut interest, sparking market rally in MSFT.",0.3742,0.22,1
1961,META,"Federal Reserve signals rate cut interest, sparking market rally in META.",0.909,4.15,1
1962,MSFT,MSFT holds steady as investors await upcoming inflation report.,0.0846,0.68,1
1963,ETH,"ETH secures major enterprise partnership, expanding market dominance.",0.5861,2.36,1
1964,META,"META reports cybersecurity breach, prompting investor selloff.",-0.6473,-2.92,0
1965,NVDA,Strong subscriber growth drives NVDA shares to new 52-week high.,0.538,0.89,1
1966,NVDA,Decreased consumer demand hits NVDA quarterly profit margins.,-0.48,-0.35,0
1967,BTC,"BTC reports cybersecurity breach, prompting investor selloff.",-0.4992,-2.95,0
1968,ETH,Market analysts maintain neutral rating on ETH ahead of earnings.,-0.0754,-1.19,0
1969,AMZN,AMZN misses Q3 earnings estimates amid rising operational costs.,-0.7685,-3.14,0
1970,BTC,Strong subscriber growth drives BTC shares to new 52-week high.,0.7595,3.0,1
1971,ETH,Strong subscriber growth drives ETH shares to new 52-week high.,0.7374,1.74,1
1972,TSLA,Analysts raise price target for TSLA following strong demand metrics.,0.8669,3.06,1
1973,NVDA,NVDA trades sideways amidst broader market consolidation.,0.0548,0.95,0
1974,META,META reports record quarterly revenue exceeding Wall Street expectations.,0.7087,1.92,1
1975,BTC,Analyst downgrade for BTC citing margin compression and slow growth.,-0.575,-3.13,0
1976,META,"META faces supply chain bottlenecks, lowering annual guidance.",-0.8194,-2.06,0
1977,META,META reports record quarterly revenue exceeding Wall Street expectations.,0.8423,3.83,1
1978,AMZN,"AMZN faces supply chain bottlenecks, lowering annual guidance.",-0.5874,-0.92,0
1979,NVDA,Inflation fears and macro headwinds pressure NVDA valuations lower.,-0.4523,-2.06,0
1980,AMZN,Inflation fears and macro headwinds pressure AMZN valuations lower.,-0.5318,-1.61,0
1981,AAPL,"AAPL secures major enterprise partnership, expanding market dominance.",0.4176,2.21,1
1982,GOOGL,"GOOGL launches groundbreaking AI product line, driving analyst upgrades.",0.7288,2.37,1
1983,BTC,Decreased consumer demand hits BTC quarterly profit margins.,-0.3848,-0.55,0
1984,AMZN,AMZN misses Q3 earnings estimates amid rising operational costs.,-0.9163,-3.79,0
1985,ETH,"ETH launches groundbreaking AI product line, driving analyst upgrades.",0.6144,2.16,1
1986,ETH,"Federal Reserve signals rate cut interest, sparking market rally in ETH.",0.5881,2.9,1
1987,TSLA,Strong subscriber growth drives TSLA shares to new 52-week high.,0.8715,1.23,1
1988,MSFT,MSFT shares plummet following unexpected CEO departure and audit concerns.,-0.4578,0.11,0
1989,AAPL,"Federal Reserve signals rate cut interest, sparking market rally in AAPL.",0.504,1.83,1
1990,TSLA,TSLA misses Q3 earnings estimates amid rising operational costs.,-0.3526,0.09,0
1991,MSFT,"Federal Reserve signals rate cut interest, sparking market rally in MSFT.",0.557,0.82,1
1992,ETH,Decreased consumer demand hits ETH quarterly profit margins.,-0.4437,-1.88,0
1993,GOOGL,GOOGL shares plummet following unexpected CEO departure and audit concerns.,-0.8778,-2.95,0
1994,AAPL,AAPL reports record quarterly revenue exceeding Wall Street expectations.,0.4215,1.24,1
1995,AMZN,Analysts raise price target for AMZN following strong demand metrics.,0.5749,3.18,1
1996,ETH,Analyst downgrade for ETH citing margin compression and slow growth.,-0.3534,-0.59,0
1997,TSLA,"TSLA launches groundbreaking AI product line, driving analyst upgrades.",0.5147,1.24,1
1998,GOOGL,Institutional investors surge buying in GOOGL after bullish earnings call.,0.7619,2.83,1
1999,AAPL,Market analysts maintain neutral rating on AAPL ahead of earnings.,-0.1405,0.03,1
2000,GOOGL,GOOGL reports record quarterly revenue exceeding Wall Street expectations.,0.8819,1.6,1
2001,AAPL,Market analysts maintain neutral rating on AAPL ahead of earnings.,-0.0699,-0.58,1
2002,NVDA,Strong subscriber growth drives NVDA shares to new 52-week high.,0.5524,2.62,1
2003,BTC,"Federal Reserve signals rate cut interest, sparking market rally in BTC.",0.5347,1.25,1
2004,META,META announces strategic acquisition to boost AI infrastructure.,0.3869,0.75,1
2005,NVDA,Institutional investors surge buying in NVDA after bullish earnings call.,0.8755,3.05,1
2006,ETH,ETH misses Q3 earnings estimates amid rising operational costs.,-0.378,-0.59,0
2007,TSLA,TSLA reports record quarterly revenue exceeding Wall Street expectations.,0.5388,2.61,1
2008,BTC,"Federal Reserve signals rate cut interest, sparking market rally in BTC.",0.5202,2.19,1
2009,ETH,Analysts raise price target for ETH following strong demand metrics.,0.8065,4.19,1
2010,GOOGL,"Federal Reserve signals rate cut interest, sparking market rally in GOOGL.",0.4193,1.33,1
2011,AMZN,Market analysts maintain neutral rating on AMZN ahead of earnings.,-0.1457,-0.47,1
2012,TSLA,"TSLA secures major enterprise partnership, expanding market dominance.",0.8027,3.0,1
2013,META,"Regulatory scrutiny intensifies for META, causing stock slump.",-0.8495,-2.95,0
2014,GOOGL,GOOGL misses Q3 earnings estimates amid rising operational costs.,-0.5627,-3.54,0
2015,GOOGL,"GOOGL launches groundbreaking AI product line, driving analyst upgrades.",0.4025,0.4,1
2016,META,META trades sideways amidst broader market consolidation.,0.1367,-0.96,1
2017,AAPL,Institutional investors surge buying in AAPL after bullish earnings call.,0.8618,3.3,1
2018,TSLA,TSLA misses Q3 earnings estimates amid rising operational costs.,-0.6451,-2.78,0
2019,GOOGL,Strong subscriber growth drives GOOGL shares to new 52-week high.,0.6369,2.73,1
2020,TSLA,TSLA misses Q3 earnings estimates amid rising operational costs.,-0.3994,-0.36,0
2021,NVDA,"NVDA reports cybersecurity breach, prompting investor selloff.",-0.465,-1.79,0
2022,AMZN,"AMZN reports cybersecurity breach, prompting investor selloff.",-0.5785,-2.45,0
2023,TSLA,TSLA shares plummet following unexpected CEO departure and audit concerns.,-0.7207,-2.75,0
2024,NVDA,Inflation fears and macro headwinds pressure NVDA valuations lower.,-0.5981,-2.36,0
2025,AAPL,Analysts raise price target for AAPL following strong demand metrics.,0.8306,2.64,1
2026,META,"Federal Reserve signals rate cut interest, sparking market rally in META.",0.764,3.31,1
2027,AAPL,AAPL schedules upcoming annual shareholder meeting for next month.,0.0329,-0.46,0
2028,BTC,BTC reports record quarterly revenue exceeding Wall Street expectations.,0.4039,1.26,1
2029,MSFT,Inflation fears and macro headwinds pressure MSFT valuations lower.,-0.6597,-2.61,0
2030,AAPL,"AAPL launches groundbreaking AI product line, driving analyst upgrades.",0.9295,2.67,1
2031,BTC,BTC shares plummet following unexpected CEO departure and audit concerns.,-0.622,-2.07,0
2032,AAPL,"Federal Reserve signals rate cut interest, sparking market rally in AAPL.",0.5309,2.65,1
2033,TSLA,Strong subscriber growth drives TSLA shares to new 52-week high.,0.8059,3.13,1
2034,AMZN,"AMZN reports cybersecurity breach, prompting investor selloff.",-0.4215,-1.58,0
2035,ETH,Analysts raise price target for ETH following strong demand metrics.,0.629,2.8,1
2036,AMZN,"Regulatory scrutiny intensifies for AMZN, causing stock slump.",-0.7447,-3.27,0
2037,AAPL,Institutional investors surge buying in AAPL after bullish earnings call.,0.4642,1.71,1
2038,AAPL,"Federal Reserve signals rate cut interest, sparking market rally in AAPL.",0.5551,2.6,1
2039,AAPL,"AAPL faces supply chain bottlenecks, lowering annual guidance.",-0.3585,-0.89,0
2040,AMZN,AMZN shares plummet following unexpected CEO departure and audit concerns.,-0.5031,-0.71,0
2041,AAPL,"AAPL launches groundbreaking AI product line, driving analyst upgrades.",0.3875,2.43,1
2042,META,"Federal Reserve signals rate cut interest, sparking market rally in META.",0.6382,0.78,1
2043,META,"META faces supply chain bottlenecks, lowering annual guidance.",-0.8823,-3.41,0
2044,ETH,"ETH reports cybersecurity breach, prompting investor selloff.",-0.8863,-1.08,0
2045,AMZN,"AMZN faces supply chain bottlenecks, lowering annual guidance.",-0.5821,-2.53,0
2046,AAPL,Inflation fears and macro headwinds pressure AAPL valuations lower.,-0.5416,-1.15,0
2047,MSFT,"MSFT secures major enterprise partnership, expanding market dominance.",0.3823,1.31,1
2048,META,"Federal Reserve signals rate cut interest, sparking market rally in META.",0.6804,2.3,1
2049,AMZN,Market analysts maintain neutral rating on AMZN ahead of earnings.,-0.0023,-0.21,1
2050,NVDA,Institutional investors surge buying in NVDA after bullish earnings call.,0.6594,3.18,1
2051,AMZN,"AMZN secures major enterprise partnership, expanding market dominance.",0.8553,1.74,1
2052,BTC,Inflation fears and macro headwinds pressure BTC valuations lower.,-0.5996,-1.28,0
2053,AMZN,Market analysts maintain neutral rating on AMZN ahead of earnings.,-0.1247,-1.36,0
2054,NVDA,NVDA announces strategic acquisition to boost AI infrastructure.,0.8234,3.62,1
2055,ETH,ETH shares plummet following unexpected CEO departure and audit concerns.,-0.7781,-1.39,0
2056,ETH,Inflation fears and macro headwinds pressure ETH valuations lower.,-0.3928,-1.28,0
2057,NVDA,NVDA announces strategic acquisition to boost AI infrastructure.,0.7815,2.77,1
2058,TSLA,"TSLA launches groundbreaking AI product line, driving analyst upgrades.",0.4108,2.05,1
2059,NVDA,Analysts raise price target for NVDA following strong demand metrics.,0.6394,3.06,1
2060,ETH,ETH trades sideways amidst broader market consolidation.,-0.1128,0.41,0
2061,TSLA,Institutional investors surge buying in TSLA after bullish earnings call.,0.75,3.72,1
2062,ETH,"ETH launches groundbreaking AI product line, driving analyst upgrades.",0.5507,3.24,1
2063,MSFT,MSFT shares plummet following unexpected CEO departure and audit concerns.,-0.4669,-0.1,0
2064,GOOGL,Decreased consumer demand hits GOOGL quarterly profit margins.,-0.6151,-2.77,0
2065,TSLA,"TSLA secures major enterprise partnership, expanding market dominance.",0.9036,1.51,1
2066,GOOGL,GOOGL shares plummet following unexpected CEO departure and audit concerns.,-0.6651,-2.31,0
2067,META,Strong subscriber growth drives META shares to new 52-week high.,0.6817,2.3,1
2068,BTC,BTC trades sideways amidst broader market consolidation.,-0.0656,1.13,0
2069,AAPL,"Federal Reserve signals rate cut interest, sparking market rally in AAPL.",0.8001,3.75,1
2070,ETH,Inflation fears and macro headwinds pressure ETH valuations lower.,-0.3613,-1.38,0
2071,ETH,"ETH launches groundbreaking AI product line, driving analyst upgrades.",0.5914,0.55,1
2072,META,Institutional investors surge buying in META after bullish earnings call.,0.5005,0.78,1
2073,AAPL,"AAPL secures major enterprise partnership, expanding market dominance.",0.6194,3.52,1
2074,BTC,Decreased consumer demand hits BTC quarterly profit margins.,-0.7299,-1.08,0
2075,META,"META faces supply chain bottlenecks, lowering annual guidance.",-0.4289,-0.94,0
2076,BTC,"Regulatory scrutiny intensifies for BTC, causing stock slump.",-0.5715,0.2,0
2077,MSFT,"MSFT launches groundbreaking AI product line, driving analyst upgrades.",0.8047,2.05,1
2078,BTC,BTC reports record quarterly revenue exceeding Wall Street expectations.,0.6414,1.32,1
2079,ETH,"Regulatory scrutiny intensifies for ETH, causing stock slump.",-0.6222,-2.79,0
2080,BTC,"Regulatory scrutiny intensifies for BTC, causing stock slump.",-0.4989,-2.73,0
2081,TSLA,"TSLA secures major enterprise partnership, expanding market dominance.",0.6697,2.68,1
2082,MSFT,"MSFT launches groundbreaking AI product line, driving analyst upgrades.",0.6954,3.06,1
2083,META,Analyst downgrade for META citing margin compression and slow growth.,-0.4688,-1.53,0
2084,AMZN,AMZN shares plummet following unexpected CEO departure and audit concerns.,-0.7603,-3.64,0
2085,BTC,BTC announces routine board member appointment.,0.0529,0.64,0
2086,AAPL,"AAPL secures major enterprise partnership, expanding market dominance.",0.72,1.96,1
2087,MSFT,MSFT trades sideways amidst broader market consolidation.,-0.0094,-0.27,0
2088,AMZN,"AMZN reports cybersecurity breach, prompting investor selloff.",-0.9374,-3.57,0
2089,ETH,"ETH launches groundbreaking AI product line, driving analyst upgrades.",0.84,3.63,1
2090,GOOGL,"GOOGL faces supply chain bottlenecks, lowering annual guidance.",-0.8698,-2.98,0
2091,TSLA,"Regulatory scrutiny intensifies for TSLA, causing stock slump.",-0.6571,-0.75,0
2092,META,Inflation fears and macro headwinds pressure META valuations lower.,-0.3958,-2.24,0
2093,NVDA,NVDA reports record quarterly revenue exceeding Wall Street expectations.,0.4914,1.03,1
2094,GOOGL,"GOOGL secures major enterprise partnership, expanding market dominance.",0.9227,1.93,1
2095,TSLA,"TSLA secures major enterprise partnership, expanding market dominance.",0.936,4.25,1
2096,NVDA,NVDA shares plummet following unexpected CEO departure and audit concerns.,-0.8416,-3.34,0
2097,NVDA,NVDA misses Q3 earnings estimates amid rising operational costs.,-0.7543,-3.11,0
2098,ETH,"ETH launches groundbreaking AI product line, driving analyst upgrades.",0.7954,3.92,1
2099,AMZN,"AMZN launches groundbreaking AI product line, driving analyst upgrades.",0.5716,1.37,1
2100,BTC,"Regulatory scrutiny intensifies for BTC, causing stock slump.",-0.5456,-1.64,0
2101,AAPL,AAPL announces strategic acquisition to boost AI infrastructure.,0.6016,1.52,1
2102,META,META reports record quarterly revenue exceeding Wall Street expectations.,0.765,4.0,1
2103,META,"META reports cybersecurity breach, prompting investor selloff.",-0.729,-2.6,0
2104,TSLA,TSLA schedules upcoming annual shareholder meeting for next month.,0.0652,0.5,1
2105,AMZN,AMZN announces routine board member appointment.,-0.0074,0.61,1
2106,TSLA,TSLA misses Q3 earnings estimates amid rising operational costs.,-0.8833,-2.76,0
2107,MSFT,MSFT announces strategic acquisition to boost AI infrastructure.,0.8744,2.62,1
2108,AMZN,"AMZN secures major enterprise partnership, expanding market dominance.",0.5368,1.52,1
2109,MSFT,"MSFT launches groundbreaking AI product line, driving analyst upgrades.",0.8537,3.94,1
2110,AMZN,"AMZN secures major enterprise partnership, expanding market dominance.",0.934,4.52,1
2111,META,Institutional investors surge buying in META after bullish earnings call.,0.5496,1.78,1
2112,ETH,Institutional investors surge buying in ETH after bullish earnings call.,0.6201,2.56,1
2113,GOOGL,"Federal Reserve signals rate cut interest, sparking market rally in GOOGL.",0.3801,1.55,1
2114,META,Decreased consumer demand hits META quarterly profit margins.,-0.9264,-3.65,0
2115,ETH,"ETH launches groundbreaking AI product line, driving analyst upgrades.",0.4307,3.39,1
2116,GOOGL,"GOOGL faces supply chain bottlenecks, lowering annual guidance.",-0.4799,-2.25,0
2117,AAPL,"Federal Reserve signals rate cut interest, sparking market rally in AAPL.",0.886,4.13,1
2118,GOOGL,GOOGL holds steady as investors await upcoming inflation report.,-0.0038,-1.95,1
2119,BTC,BTC announces routine board member appointment.,-0.0142,-1.37,0
2120,NVDA,NVDA reports record quarterly revenue exceeding Wall Street expectations.,0.7026,2.94,1
2121,MSFT,"Federal Reserve signals rate cut interest, sparking market rally in MSFT.",0.4427,1.94,1
2122,META,"META secures major enterprise partnership, expanding market dominance.",0.4022,-0.88,1
2123,MSFT,Inflation fears and macro headwinds pressure MSFT valuations lower.,-0.3832,-0.7,0
2124,META,META shares plummet following unexpected CEO departure and audit concerns.,-0.4636,-3.11,0
2125,NVDA,Decreased consumer demand hits NVDA quarterly profit margins.,-0.8531,-2.95,0
2126,AAPL,"AAPL launches groundbreaking AI product line, driving analyst upgrades.",0.62,2.62,1
2127,AMZN,AMZN shares plummet following unexpected CEO departure and audit concerns.,-0.3527,-0.98,0
2128,AAPL,AAPL trades sideways amidst broader market consolidation.,-0.1333,-1.91,0
2129,AMZN,AMZN misses Q3 earnings estimates amid rising operational costs.,-0.787,-3.0,0
2130,ETH,"Regulatory scrutiny intensifies for ETH, causing stock slump.",-0.7274,-3.03,0
2131,BTC,"BTC reports cybersecurity breach, prompting investor selloff.",-0.7193,-3.2,0
2132,BTC,Analysts raise price target for BTC following strong demand metrics.,0.6959,0.91,1
2133,NVDA,"NVDA secures major enterprise partnership, expanding market dominance.",0.493,1.75,1
2134,META,"Regulatory scrutiny intensifies for META, causing stock slump.",-0.4431,-2.79,0
2135,TSLA,TSLA misses Q3 earnings estimates amid rising operational costs.,-0.6085,-1.94,0
2136,TSLA,"TSLA launches groundbreaking AI product line, driving analyst upgrades.",0.4288,2.33,1
2137,ETH,Market analysts maintain neutral rating on ETH ahead of earnings.,0.1374,1.09,0
2138,AMZN,"AMZN secures major enterprise partnership, expanding market dominance.",0.5426,1.67,1
2139,GOOGL,"Federal Reserve signals rate cut interest, sparking market rally in GOOGL.",0.7919,1.51,1
2140,ETH,"ETH launches groundbreaking AI product line, driving analyst upgrades.",0.5424,0.92,1
2141,TSLA,"TSLA secures major enterprise partnership, expanding market dominance.",0.9349,2.22,1
2142,AAPL,Strong subscriber growth drives AAPL shares to new 52-week high.,0.3516,-0.47,1
2143,NVDA,"NVDA reports cybersecurity breach, prompting investor selloff.",-0.6524,-2.29,0
2144,NVDA,"NVDA secures major enterprise partnership, expanding market dominance.",0.7623,2.47,1
2145,GOOGL,"Regulatory scrutiny intensifies for GOOGL, causing stock slump.",-0.7642,-2.53,0
2146,NVDA,"NVDA secures major enterprise partnership, expanding market dominance.",0.6401,2.59,1
2147,AAPL,Inflation fears and macro headwinds pressure AAPL valuations lower.,-0.4234,-1.28,0
2148,AMZN,Institutional investors surge buying in AMZN after bullish earnings call.,0.7834,2.35,1
2149,ETH,Analysts raise price target for ETH following strong demand metrics.,0.4336,0.37,1
2150,MSFT,Strong subscriber growth drives MSFT shares to new 52-week high.,0.5652,0.29,1
2151,BTC,Inflation fears and macro headwinds pressure BTC valuations lower.,-0.8951,-4.01,0
2152,AAPL,AAPL reports record quarterly revenue exceeding Wall Street expectations.,0.9458,3.71,1
2153,AMZN,"AMZN secures major enterprise partnership, expanding market dominance.",0.766,2.07,1
2154,META,META announces routine board member appointment.,-0.0161,0.77,1
2155,AMZN,AMZN trades sideways amidst broader market consolidation.,-0.0825,0.32,1
2156,AAPL,Strong subscriber growth drives AAPL shares to new 52-week high.,0.691,2.58,1
2157,NVDA,NVDA shares plummet following unexpected CEO departure and audit concerns.,-0.639,-2.88,0
2158,AMZN,Inflation fears and macro headwinds pressure AMZN valuations lower.,-0.9338,-2.83,0
2159,META,Strong subscriber growth drives META shares to new 52-week high.,0.4591,-0.02,1
2160,TSLA,"TSLA secures major enterprise partnership, expanding market dominance.",0.43,1.54,1
2161,AAPL,Decreased consumer demand hits AAPL quarterly profit margins.,-0.5254,-1.66,0
2162,TSLA,TSLA announces routine board member appointment.,-0.1158,-0.66,1
2163,BTC,Analyst downgrade for BTC citing margin compression and slow growth.,-0.7907,-3.26,0
2164,TSLA,TSLA shares plummet following unexpected CEO departure and audit concerns.,-0.4303,-0.9,0
2165,NVDA,"NVDA launches groundbreaking AI product line, driving analyst upgrades.",0.5091,1.56,1
2166,GOOGL,"GOOGL secures major enterprise partnership, expanding market dominance.",0.6645,2.17,1
2167,ETH,Institutional investors surge buying in ETH after bullish earnings call.,0.7397,2.71,1
2168,BTC,Decreased consumer demand hits BTC quarterly profit margins.,-0.8826,-2.95,0
2169,META,Institutional investors surge buying in META after bullish earnings call.,0.4301,2.44,1
2170,MSFT,"Regulatory scrutiny intensifies for MSFT, causing stock slump.",-0.6458,-2.59,0
2171,NVDA,NVDA shares plummet following unexpected CEO departure and audit concerns.,-0.4351,-1.71,0
2172,NVDA,NVDA shares plummet following unexpected CEO departure and audit concerns.,-0.3916,-2.36,0
2173,AAPL,Market analysts maintain neutral rating on AAPL ahead of earnings.,0.0676,1.3,1
2174,NVDA,Analyst downgrade for NVDA citing margin compression and slow growth.,-0.3605,-0.2,0
2175,ETH,Analyst downgrade for ETH citing margin compression and slow growth.,-0.926,-2.38,0
2176,MSFT,MSFT holds steady as investors await upcoming inflation report.,-0.0093,-0.4,1
2177,TSLA,Strong subscriber growth drives TSLA shares to new 52-week high.,0.9089,3.69,1
2178,NVDA,Decreased consumer demand hits NVDA quarterly profit margins.,-0.4599,-1.81,0
2179,MSFT,Decreased consumer demand hits MSFT quarterly profit margins.,-0.7658,-2.81,0
2180,AAPL,Analysts raise price target for AAPL following strong demand metrics.,0.8718,2.68,1
2181,BTC,Market analysts maintain neutral rating on BTC ahead of earnings.,-0.1269,-0.89,1
2182,GOOGL,"GOOGL faces supply chain bottlenecks, lowering annual guidance.",-0.7388,-2.03,0
2183,AAPL,Inflation fears and macro headwinds pressure AAPL valuations lower.,-0.7497,-2.05,0
2184,MSFT,Analyst downgrade for MSFT citing margin compression and slow growth.,-0.6416,-3.33,0
2185,TSLA,"Federal Reserve signals rate cut interest, sparking market rally in TSLA.",0.6995,3.34,1
2186,GOOGL,"GOOGL secures major enterprise partnership, expanding market dominance.",0.4637,2.27,1
2187,MSFT,MSFT announces strategic acquisition to boost AI infrastructure.,0.588,2.12,1
2188,GOOGL,Institutional investors surge buying in GOOGL after bullish earnings call.,0.546,1.06,1
2189,ETH,Analysts raise price target for ETH following strong demand metrics.,0.5145,2.75,1
2190,META,"Regulatory scrutiny intensifies for META, causing stock slump.",-0.8265,-1.41,0
2191,AMZN,"AMZN launches groundbreaking AI product line, driving analyst upgrades.",0.4279,2.18,1
2192,AAPL,"AAPL launches groundbreaking AI product line, driving analyst upgrades.",0.4605,1.95,1
2193,GOOGL,Strong subscriber growth drives GOOGL shares to new 52-week high.,0.6973,3.48,1
2194,TSLA,Analyst downgrade for TSLA citing margin compression and slow growth.,-0.5463,-1.48,0
2195,AMZN,AMZN announces routine board member appointment.,0.0421,-0.81,0
2196,META,Strong subscriber growth drives META shares to new 52-week high.,0.7227,2.76,1
2197,AAPL,"AAPL launches groundbreaking AI product line, driving analyst upgrades.",0.8054,3.52,1
2198,AAPL,AAPL announces strategic acquisition to boost AI infrastructure.,0.4441,1.56,1
2199,ETH,ETH reports record quarterly revenue exceeding Wall Street expectations.,0.8029,2.4,1
2200,NVDA,Analysts raise price target for NVDA following strong demand metrics.,0.5253,0.35,1
2201,META,META holds steady as investors await upcoming inflation report.,0.0194,-0.1,0
2202,AAPL,AAPL announces strategic acquisition to boost AI infrastructure.,0.4734,1.96,1
2203,META,"META secures major enterprise partnership, expanding market dominance.",0.6217,2.3,1
2204,AAPL,"AAPL faces supply chain bottlenecks, lowering annual guidance.",-0.7678,-2.38,0
2205,GOOGL,GOOGL announces strategic acquisition to boost AI infrastructure.,0.4128,2.53,1
2206,NVDA,Analysts raise price target for NVDA following strong demand metrics.,0.7902,2.48,1
2207,MSFT,"MSFT secures major enterprise partnership, expanding market dominance.",0.4021,0.9,1
2208,ETH,"ETH launches groundbreaking AI product line, driving analyst upgrades.",0.7563,2.25,1
2209,META,Institutional investors surge buying in META after bullish earnings call.,0.3734,2.09,1
2210,NVDA,Decreased consumer demand hits NVDA quarterly profit margins.,-0.745,-2.7,0
2211,TSLA,Decreased consumer demand hits TSLA quarterly profit margins.,-0.6698,-3.2,0
2212,NVDA,"NVDA faces supply chain bottlenecks, lowering annual guidance.",-0.8158,-2.28,0
2213,MSFT,Analyst downgrade for MSFT citing margin compression and slow growth.,-0.5716,-3.38,0
2214,NVDA,"Regulatory scrutiny intensifies for NVDA, causing stock slump.",-0.3883,-2.91,0
2215,AAPL,AAPL holds steady as investors await upcoming inflation report.,0.0712,0.15,0
2216,ETH,"ETH launches groundbreaking AI product line, driving analyst upgrades.",0.7826,2.55,1
2217,GOOGL,GOOGL shares plummet following unexpected CEO departure and audit concerns.,-0.5417,-2.21,0
2218,AAPL,Inflation fears and macro headwinds pressure AAPL valuations lower.,-0.3887,-2.84,0
2219,NVDA,Strong subscriber growth drives NVDA shares to new 52-week high.,0.4544,1.67,1
2220,AMZN,AMZN misses Q3 earnings estimates amid rising operational costs.,-0.4667,-2.08,0
2221,AMZN,AMZN reports record quarterly revenue exceeding Wall Street expectations.,0.9293,3.26,1
2222,MSFT,MSFT announces strategic acquisition to boost AI infrastructure.,0.5566,2.63,1
2223,AAPL,Strong subscriber growth drives AAPL shares to new 52-week high.,0.4779,1.15,1
2224,ETH,Strong subscriber growth drives ETH shares to new 52-week high.,0.6014,2.6,1
2225,AMZN,Institutional investors surge buying in AMZN after bullish earnings call.,0.8937,4.14,1
2226,TSLA,Institutional investors surge buying in TSLA after bullish earnings call.,0.8558,3.7,1
2227,BTC,BTC reports record quarterly revenue exceeding Wall Street expectations.,0.8017,1.94,1
2228,GOOGL,GOOGL shares plummet following unexpected CEO departure and audit concerns.,-0.9294,-3.25,0
2229,ETH,ETH shares plummet following unexpected CEO departure and audit concerns.,-0.7431,-1.9,0
2230,AAPL,"AAPL faces supply chain bottlenecks, lowering annual guidance.",-0.572,-2.2,0
2231,TSLA,"Federal Reserve signals rate cut interest, sparking market rally in TSLA.",0.3673,0.21,1
2232,TSLA,Institutional investors surge buying in TSLA after bullish earnings call.,0.542,2.59,1
2233,BTC,BTC schedules upcoming annual shareholder meeting for next month.,-0.0923,-1.3,1
2234,BTC,"BTC faces supply chain bottlenecks, lowering annual guidance.",-0.938,-2.25,0
2235,NVDA,"Regulatory scrutiny intensifies for NVDA, causing stock slump.",-0.4997,-2.25,0
2236,MSFT,"MSFT reports cybersecurity breach, prompting investor selloff.",-0.3606,-0.91,0
2237,META,Analyst downgrade for META citing margin compression and slow growth.,-0.739,-3.18,0
2238,AAPL,Strong subscriber growth drives AAPL shares to new 52-week high.,0.7934,2.69,1
2239,AAPL,AAPL misses Q3 earnings estimates amid rising operational costs.,-0.6573,-1.88,0
2240,META,Inflation fears and macro headwinds pressure META valuations lower.,-0.6585,-3.28,0
2241,GOOGL,Strong subscriber growth drives GOOGL shares to new 52-week high.,0.8305,4.31,1
2242,ETH,"Regulatory scrutiny intensifies for ETH, causing stock slump.",-0.901,-3.47,0
2243,GOOGL,Decreased consumer demand hits GOOGL quarterly profit margins.,-0.3786,0.45,0
2244,GOOGL,GOOGL holds steady as investors await upcoming inflation report.,0.129,0.9,0
2245,MSFT,MSFT reports record quarterly revenue exceeding Wall Street expectations.,0.4487,2.15,1
2246,NVDA,Market analysts maintain neutral rating on NVDA ahead of earnings.,0.0052,-0.11,0
2247,BTC,BTC schedules upcoming annual shareholder meeting for next month.,0.0645,0.6,0
2248,TSLA,TSLA reports record quarterly revenue exceeding Wall Street expectations.,0.5485,1.9,1
2249,BTC,"BTC secures major enterprise partnership, expanding market dominance.",0.9476,3.67,1
2250,GOOGL,GOOGL announces strategic acquisition to boost AI infrastructure.,0.4906,2.03,1
2251,AAPL,Market analysts maintain neutral rating on AAPL ahead of earnings.,-0.0484,0.59,0
2252,NVDA,Inflation fears and macro headwinds pressure NVDA valuations lower.,-0.5802,-1.61,0
2253,AAPL,Strong subscriber growth drives AAPL shares to new 52-week high.,0.5354,2.9,1
2254,ETH,Analysts raise price target for ETH following strong demand metrics.,0.9183,2.71,1
2255,GOOGL,Analyst downgrade for GOOGL citing margin compression and slow growth.,-0.6597,-1.92,0
2256,BTC,"BTC reports cybersecurity breach, prompting investor selloff.",-0.4399,-1.1,0
2257,ETH,ETH trades sideways amidst broader market consolidation.,-0.135,1.44,0
2258,MSFT,MSFT announces routine board member appointment.,-0.1366,0.47,0
2259,TSLA,"TSLA faces supply chain bottlenecks, lowering annual guidance.",-0.3906,-0.56,0
2260,MSFT,MSFT trades sideways amidst broader market consolidation.,-0.0121,0.37,0
2261,GOOGL,GOOGL misses Q3 earnings estimates amid rising operational costs.,-0.6481,-2.34,0
2262,ETH,ETH misses Q3 earnings estimates amid rising operational costs.,-0.8466,-1.69,0
2263,NVDA,NVDA misses Q3 earnings estimates amid rising operational costs.,-0.8997,-2.14,0
2264,TSLA,TSLA shares plummet following unexpected CEO departure and audit concerns.,-0.9312,-2.71,0
2265,GOOGL,GOOGL shares plummet following unexpected CEO departure and audit concerns.,-0.3893,-0.83,0
2266,AAPL,"AAPL launches groundbreaking AI product line, driving analyst upgrades.",0.7516,1.96,1
2267,TSLA,Institutional investors surge buying in TSLA after bullish earnings call.,0.862,2.83,1
2268,ETH,ETH announces strategic acquisition to boost AI infrastructure.,0.4107,1.11,1
2269,TSLA,TSLA misses Q3 earnings estimates amid rising operational costs.,-0.5665,-1.36,0
2270,BTC,"Regulatory scrutiny intensifies for BTC, causing stock slump.",-0.43,-2.28,0
2271,MSFT,"Federal Reserve signals rate cut interest, sparking market rally in MSFT.",0.6208,2.07,1
2272,MSFT,MSFT reports record quarterly revenue exceeding Wall Street expectations.,0.3974,0.58,1
2273,MSFT,MSFT schedules upcoming annual shareholder meeting for next month.,-0.0416,1.84,0
2274,MSFT,MSFT shares plummet following unexpected CEO departure and audit concerns.,-0.4667,-0.95,0
2275,AAPL,"Regulatory scrutiny intensifies for AAPL, causing stock slump.",-0.5973,-1.98,0
2276,NVDA,Analysts raise price target for NVDA following strong demand metrics.,0.7127,2.7,1
2277,TSLA,"TSLA secures major enterprise partnership, expanding market dominance.",0.937,3.01,1
2278,AAPL,"Federal Reserve signals rate cut interest, sparking market rally in AAPL.",0.8764,3.26,1
2279,BTC,Analysts raise price target for BTC following strong demand metrics.,0.6184,2.08,1
2280,AAPL,Strong subscriber growth drives AAPL shares to new 52-week high.,0.6247,2.49,1
2281,AMZN,AMZN misses Q3 earnings estimates amid rising operational costs.,-0.5244,-1.88,0
2282,GOOGL,GOOGL announces strategic acquisition to boost AI infrastructure.,0.6882,2.14,1
2283,GOOGL,GOOGL trades sideways amidst broader market consolidation.,0.1058,0.1,0
2284,BTC,Institutional investors surge buying in BTC after bullish earnings call.,0.426,2.18,1
2285,AAPL,Analyst downgrade for AAPL citing margin compression and slow growth.,-0.9008,-3.2,0
2286,AMZN,"Regulatory scrutiny intensifies for AMZN, causing stock slump.",-0.4012,-1.21,0
2287,ETH,Inflation fears and macro headwinds pressure ETH valuations lower.,-0.9272,-3.07,0
2288,MSFT,Analysts raise price target for MSFT following strong demand metrics.,0.9497,4.72,1
2289,AAPL,Analyst downgrade for AAPL citing margin compression and slow growth.,-0.5135,-1.62,0
2290,MSFT,Institutional investors surge buying in MSFT after bullish earnings call.,0.6738,1.6,1
2291,TSLA,Analyst downgrade for TSLA citing margin compression and slow growth.,-0.7037,-2.31,0
2292,NVDA,Inflation fears and macro headwinds pressure NVDA valuations lower.,-0.3613,-0.79,0
2293,BTC,BTC trades sideways amidst broader market consolidation.,0.077,0.21,0
2294,ETH,ETH announces routine board member appointment.,0.0121,-0.26,0
2295,BTC,BTC announces strategic acquisition to boost AI infrastructure.,0.4717,1.58,1
2296,AMZN,"AMZN launches groundbreaking AI product line, driving analyst upgrades.",0.788,4.44,1
2297,MSFT,Strong subscriber growth drives MSFT shares to new 52-week high.,0.62,2.42,1
2298,MSFT,MSFT reports record quarterly revenue exceeding Wall Street expectations.,0.626,1.09,1
2299,AAPL,Analysts raise price target for AAPL following strong demand metrics.,0.4457,1.71,1
2300,TSLA,TSLA announces strategic acquisition to boost AI infrastructure.,0.6547,3.08,1
2301,META,Strong subscriber growth drives META shares to new 52-week high.,0.3632,1.74,1
2302,NVDA,Analysts raise price target for NVDA following strong demand metrics.,0.4374,2.02,1
2303,MSFT,Strong subscriber growth drives MSFT shares to new 52-week high.,0.8196,3.01,1
2304,GOOGL,"GOOGL launches groundbreaking AI product line, driving analyst upgrades.",0.8553,3.31,1
2305,ETH,ETH announces routine board member appointment.,-0.1496,-1.9,1
2306,AMZN,AMZN announces routine board member appointment.,-0.0049,0.11,0
2307,BTC,Decreased consumer demand hits BTC quarterly profit margins.,-0.876,-4.42,0
2308,MSFT,"MSFT launches groundbreaking AI product line, driving analyst upgrades.",0.442,0.65,1
2309,META,"Regulatory scrutiny intensifies for META, causing stock slump.",-0.8592,-2.49,0
2310,META,"META secures major enterprise partnership, expanding market dominance.",0.3783,2.07,1
2311,MSFT,"MSFT secures major enterprise partnership, expanding market dominance.",0.3922,1.41,1
2312,GOOGL,Market analysts maintain neutral rating on GOOGL ahead of earnings.,0.0003,-1.78,0
2313,AMZN,"AMZN secures major enterprise partnership, expanding market dominance.",0.7404,3.92,1
2314,NVDA,Inflation fears and macro headwinds pressure NVDA valuations lower.,-0.8375,-2.69,0
2315,ETH,Analyst downgrade for ETH citing margin compression and slow growth.,-0.6159,-2.41,0
2316,BTC,"BTC secures major enterprise partnership, expanding market dominance.",0.6799,2.86,1
2317,MSFT,Decreased consumer demand hits MSFT quarterly profit margins.,-0.8207,-2.87,0
2318,GOOGL,Market analysts maintain neutral rating on GOOGL ahead of earnings.,-0.0591,0.78,1
2319,TSLA,TSLA holds steady as investors await upcoming inflation report.,-0.0142,1.07,1
2320,GOOGL,"Federal Reserve signals rate cut interest, sparking market rally in GOOGL.",0.8323,4.19,1
2321,AAPL,AAPL misses Q3 earnings estimates amid rising operational costs.,-0.6833,-3.07,0
2322,ETH,Analysts raise price target for ETH following strong demand metrics.,0.9287,3.31,1
2323,MSFT,MSFT holds steady as investors await upcoming inflation report.,0.1144,0.58,0
2324,GOOGL,Inflation fears and macro headwinds pressure GOOGL valuations lower.,-0.937,-3.61,0
2325,NVDA,Decreased consumer demand hits NVDA quarterly profit margins.,-0.6106,-2.4,0
2326,TSLA,Analyst downgrade for TSLA citing margin compression and slow growth.,-0.4408,-1.54,0
2327,AAPL,Analyst downgrade for AAPL citing margin compression and slow growth.,-0.5129,-2.68,0
2328,AAPL,AAPL shares plummet following unexpected CEO departure and audit concerns.,-0.7613,-3.7,0
2329,MSFT,"Federal Reserve signals rate cut interest, sparking market rally in MSFT.",0.7747,2.2,1
2330,BTC,BTC reports record quarterly revenue exceeding Wall Street expectations.,0.5392,1.72,1
2331,ETH,ETH reports record quarterly revenue exceeding Wall Street expectations.,0.7803,3.3,1
2332,META,META reports record quarterly revenue exceeding Wall Street expectations.,0.464,4.11,1
2333,AMZN,AMZN announces routine board member appointment.,-0.0758,0.57,1
2334,AMZN,"AMZN reports cybersecurity breach, prompting investor selloff.",-0.7858,-2.36,0
2335,BTC,BTC shares plummet following unexpected CEO departure and audit concerns.,-0.3504,-0.89,0
2336,BTC,BTC holds steady as investors await upcoming inflation report.,0.1335,0.04,1
2337,AMZN,Analyst downgrade for AMZN citing margin compression and slow growth.,-0.8059,-4.8,0
2338,BTC,Analyst downgrade for BTC citing margin compression and slow growth.,-0.4004,-2.74,0
2339,MSFT,"Federal Reserve signals rate cut interest, sparking market rally in MSFT.",0.7138,2.73,1
2340,META,"META reports cybersecurity breach, prompting investor selloff.",-0.3813,0.27,0
2341,GOOGL,Analyst downgrade for GOOGL citing margin compression and slow growth.,-0.5359,-1.24,0
2342,META,"META faces supply chain bottlenecks, lowering annual guidance.",-0.3549,-1.01,0
2343,META,"META launches groundbreaking AI product line, driving analyst upgrades.",0.6061,3.17,1
2344,AAPL,"Regulatory scrutiny intensifies for AAPL, causing stock slump.",-0.6842,-1.71,0
2345,BTC,"BTC launches groundbreaking AI product line, driving analyst upgrades.",0.6142,3.28,1
2346,TSLA,TSLA schedules upcoming annual shareholder meeting for next month.,0.0481,0.35,1
2347,BTC,Institutional investors surge buying in BTC after bullish earnings call.,0.5295,1.22,1
2348,META,META reports record quarterly revenue exceeding Wall Street expectations.,0.5366,2.41,1
2349,ETH,"ETH reports cybersecurity breach, prompting investor selloff.",-0.6469,-2.28,0
2350,NVDA,"Federal Reserve signals rate cut interest, sparking market rally in NVDA.",0.6116,2.37,1
2351,MSFT,MSFT schedules upcoming annual shareholder meeting for next month.,-0.0695,-0.08,1
2352,BTC,BTC shares plummet following unexpected CEO departure and audit concerns.,-0.4852,-1.62,0
2353,AMZN,AMZN misses Q3 earnings estimates amid rising operational costs.,-0.3773,-1.01,0
2354,GOOGL,Analysts raise price target for GOOGL following strong demand metrics.,0.7441,3.16,1
2355,META,"META launches groundbreaking AI product line, driving analyst upgrades.",0.9313,2.67,1
2356,GOOGL,"Regulatory scrutiny intensifies for GOOGL, causing stock slump.",-0.3519,-1.25,0
2357,AAPL,AAPL announces strategic acquisition to boost AI infrastructure.,0.894,3.49,1
2358,NVDA,"NVDA secures major enterprise partnership, expanding market dominance.",0.5584,0.99,1
2359,AAPL,Market analysts maintain neutral rating on AAPL ahead of earnings.,0.0934,-0.29,0
2360,AAPL,"AAPL reports cybersecurity breach, prompting investor selloff.",-0.8182,-2.81,0
2361,GOOGL,GOOGL misses Q3 earnings estimates amid rising operational costs.,-0.5216,-1.8,0
2362,BTC,Analyst downgrade for BTC citing margin compression and slow growth.,-0.8739,-2.41,0
2363,NVDA,NVDA shares plummet following unexpected CEO departure and audit concerns.,-0.5765,-1.5,0
2364,META,META reports record quarterly revenue exceeding Wall Street expectations.,0.7123,2.48,1
2365,META,META reports record quarterly revenue exceeding Wall Street expectations.,0.5832,2.81,1
2366,META,META announces strategic acquisition to boost AI infrastructure.,0.6646,2.22,1
2367,META,"META launches groundbreaking AI product line, driving analyst upgrades.",0.8547,3.06,1
2368,AMZN,AMZN misses Q3 earnings estimates amid rising operational costs.,-0.7824,-2.95,0
2369,NVDA,"NVDA reports cybersecurity breach, prompting investor selloff.",-0.826,-1.81,0
2370,META,Market analysts maintain neutral rating on META ahead of earnings.,0.0712,0.82,1
2371,TSLA,TSLA trades sideways amidst broader market consolidation.,0.1223,0.16,1
2372,BTC,"Regulatory scrutiny intensifies for BTC, causing stock slump.",-0.8104,-2.68,0
2373,BTC,"BTC launches groundbreaking AI product line, driving analyst upgrades.",0.3952,2.02,1
2374,META,Analyst downgrade for META citing margin compression and slow growth.,-0.8369,-3.87,0
2375,AAPL,AAPL shares plummet following unexpected CEO departure and audit concerns.,-0.7888,-3.46,0
2376,AAPL,"Regulatory scrutiny intensifies for AAPL, causing stock slump.",-0.5038,-1.77,0
2377,AAPL,Institutional investors surge buying in AAPL after bullish earnings call.,0.7014,1.75,1
2378,META,"META secures major enterprise partnership, expanding market dominance.",0.9231,4.35,1
2379,MSFT,MSFT shares plummet following unexpected CEO departure and audit concerns.,-0.8397,-3.86,0
2380,AMZN,AMZN shares plummet following unexpected CEO departure and audit concerns.,-0.6139,-1.94,0
2381,MSFT,"MSFT launches groundbreaking AI product line, driving analyst upgrades.",0.6873,2.77,1
2382,AMZN,"Federal Reserve signals rate cut interest, sparking market rally in AMZN.",0.6914,2.6,1
2383,ETH,"Regulatory scrutiny intensifies for ETH, causing stock slump.",-0.5063,-1.57,0
2384,AAPL,AAPL misses Q3 earnings estimates amid rising operational costs.,-0.7778,-3.22,0
2385,ETH,Inflation fears and macro headwinds pressure ETH valuations lower.,-0.5329,-2.15,0
2386,NVDA,Strong subscriber growth drives NVDA shares to new 52-week high.,0.3675,3.19,1
2387,AAPL,Institutional investors surge buying in AAPL after bullish earnings call.,0.7078,3.41,1
2388,ETH,"Regulatory scrutiny intensifies for ETH, causing stock slump.",-0.8726,-3.46,0
2389,GOOGL,GOOGL announces routine board member appointment.,-0.0575,-0.82,1
2390,GOOGL,"Regulatory scrutiny intensifies for GOOGL, causing stock slump.",-0.5129,-1.15,0
2391,BTC,"BTC reports cybersecurity breach, prompting investor selloff.",-0.649,-2.73,0
2392,GOOGL,"Regulatory scrutiny intensifies for GOOGL, causing stock slump.",-0.4897,-1.45,0
2393,AMZN,Strong subscriber growth drives AMZN shares to new 52-week high.,0.7657,4.13,1
2394,AMZN,AMZN reports record quarterly revenue exceeding Wall Street expectations.,0.9079,3.58,1
2395,ETH,Inflation fears and macro headwinds pressure ETH valuations lower.,-0.6762,-3.52,0
2396,TSLA,"TSLA faces supply chain bottlenecks, lowering annual guidance.",-0.5888,-1.54,0
2397,GOOGL,Market analysts maintain neutral rating on GOOGL ahead of earnings.,-0.0268,0.15,1
2398,TSLA,TSLA announces strategic acquisition to boost AI infrastructure.,0.869,3.57,1
2399,AMZN,"AMZN launches groundbreaking AI product line, driving analyst upgrades.",0.4936,0.51,1
2400,GOOGL,Institutional investors surge buying in GOOGL after bullish earnings call.,0.5277,1.44,1
2401,TSLA,Analysts raise price target for TSLA following strong demand metrics.,0.558,2.32,1
2402,BTC,"BTC secures major enterprise partnership, expanding market dominance.",0.7967,3.02,1
2403,TSLA,Decreased consumer demand hits TSLA quarterly profit margins.,-0.7426,-3.08,0
2404,BTC,"BTC reports cybersecurity breach, prompting investor selloff.",-0.4348,-0.93,0
2405,BTC,Decreased consumer demand hits BTC quarterly profit margins.,-0.6168,-0.47,0
2406,AAPL,"AAPL faces supply chain bottlenecks, lowering annual guidance.",-0.7644,-2.38,0
2407,MSFT,Decreased consumer demand hits MSFT quarterly profit margins.,-0.7264,-2.05,0
2408,AMZN,"Regulatory scrutiny intensifies for AMZN, causing stock slump.",-0.8193,-4.53,0
2409,NVDA,Institutional investors surge buying in NVDA after bullish earnings call.,0.8353,3.4,1
2410,META,Analysts raise price target for META following strong demand metrics.,0.5317,0.48,1
2411,TSLA,TSLA schedules upcoming annual shareholder meeting for next month.,0.129,1.01,1
2412,AMZN,Inflation fears and macro headwinds pressure AMZN valuations lower.,-0.5247,-1.61,0
2413,META,Analysts raise price target for META following strong demand metrics.,0.7732,2.55,1
2414,AAPL,Market analysts maintain neutral rating on AAPL ahead of earnings.,0.0737,-1.03,0
2415,GOOGL,Institutional investors surge buying in GOOGL after bullish earnings call.,0.6798,2.31,1
2416,TSLA,"TSLA launches groundbreaking AI product line, driving analyst upgrades.",0.5568,2.87,1
2417,AMZN,AMZN shares plummet following unexpected CEO departure and audit concerns.,-0.3837,-1.2,0
2418,ETH,ETH holds steady as investors await upcoming inflation report.,0.1484,-0.25,1
2419,NVDA,NVDA reports record quarterly revenue exceeding Wall Street expectations.,0.4185,3.52,1
2420,BTC,BTC reports record quarterly revenue exceeding Wall Street expectations.,0.4553,2.02,1
2421,GOOGL,"GOOGL reports cybersecurity breach, prompting investor selloff.",-0.6709,-2.23,0
2422,GOOGL,"GOOGL launches groundbreaking AI product line, driving analyst upgrades.",0.8257,2.37,1
2423,AMZN,AMZN announces strategic acquisition to boost AI infrastructure.,0.5086,1.86,1
2424,AMZN,Decreased consumer demand hits AMZN quarterly profit margins.,-0.588,-3.53,0
2425,NVDA,"NVDA launches groundbreaking AI product line, driving analyst upgrades.",0.359,1.9,1
2426,META,META announces strategic acquisition to boost AI infrastructure.,0.6814,1.03,1
2427,AMZN,"AMZN secures major enterprise partnership, expanding market dominance.",0.8748,3.2,1
2428,GOOGL,Institutional investors surge buying in GOOGL after bullish earnings call.,0.5401,2.82,1
2429,AAPL,AAPL announces strategic acquisition to boost AI infrastructure.,0.5377,1.93,1
2430,NVDA,Inflation fears and macro headwinds pressure NVDA valuations lower.,-0.4702,-2.39,0
2431,ETH,Institutional investors surge buying in ETH after bullish earnings call.,0.6889,2.54,1
2432,ETH,ETH misses Q3 earnings estimates amid rising operational costs.,-0.8087,-3.17,0
2433,GOOGL,Market analysts maintain neutral rating on GOOGL ahead of earnings.,0.0629,0.58,0
2434,GOOGL,"GOOGL launches groundbreaking AI product line, driving analyst upgrades.",0.386,1.37,1
2435,AAPL,"Federal Reserve signals rate cut interest, sparking market rally in AAPL.",0.8618,1.76,1
2436,MSFT,MSFT announces strategic acquisition to boost AI infrastructure.,0.4137,0.65,1
2437,MSFT,"MSFT secures major enterprise partnership, expanding market dominance.",0.8988,2.86,1
2438,AMZN,Decreased consumer demand hits AMZN quarterly profit margins.,-0.907,-4.21,0
2439,META,META trades sideways amidst broader market consolidation.,0.0307,1.49,0
2440,ETH,ETH holds steady as investors await upcoming inflation report.,-0.0822,-0.24,1
2441,ETH,ETH announces strategic acquisition to boost AI infrastructure.,0.5857,2.29,1
2442,NVDA,NVDA announces strategic acquisition to boost AI infrastructure.,0.722,1.52,1
2443,GOOGL,Analysts raise price target for GOOGL following strong demand metrics.,0.6108,1.72,1
2444,BTC,BTC shares plummet following unexpected CEO departure and audit concerns.,-0.4897,-2.13,0
2445,ETH,"ETH secures major enterprise partnership, expanding market dominance.",0.6293,1.75,1
2446,NVDA,NVDA shares plummet following unexpected CEO departure and audit concerns.,-0.6436,-3.2,0
2447,TSLA,Decreased consumer demand hits TSLA quarterly profit margins.,-0.655,-3.46,0
2448,NVDA,Market analysts maintain neutral rating on NVDA ahead of earnings.,-0.0712,-0.59,0
2449,AAPL,Strong subscriber growth drives AAPL shares to new 52-week high.,0.8609,0.93,1
2450,MSFT,"MSFT secures major enterprise partnership, expanding market dominance.",0.4792,1.26,1
2451,AMZN,Analysts raise price target for AMZN following strong demand metrics.,0.6687,2.2,1
2452,AMZN,Analyst downgrade for AMZN citing margin compression and slow growth.,-0.6203,-2.01,0
2453,ETH,ETH reports record quarterly revenue exceeding Wall Street expectations.,0.7688,1.56,1
2454,META,Analysts raise price target for META following strong demand metrics.,0.3821,2.21,1
2455,AAPL,"Regulatory scrutiny intensifies for AAPL, causing stock slump.",-0.6084,-1.03,0
2456,ETH,ETH trades sideways amidst broader market consolidation.,-0.1486,-1.02,0
2457,AAPL,Decreased consumer demand hits AAPL quarterly profit margins.,-0.8618,-3.55,0
2458,BTC,Institutional investors surge buying in BTC after bullish earnings call.,0.8416,3.55,1
2459,MSFT,Strong subscriber growth drives MSFT shares to new 52-week high.,0.9236,1.33,1
2460,TSLA,Strong subscriber growth drives TSLA shares to new 52-week high.,0.7648,3.27,1
2461,AAPL,AAPL announces routine board member appointment.,-0.1273,0.34,1
2462,ETH,"Federal Reserve signals rate cut interest, sparking market rally in ETH.",0.3733,1.63,1
2463,TSLA,TSLA misses Q3 earnings estimates amid rising operational costs.,-0.3891,-1.13,0
2464,META,META trades sideways amidst broader market consolidation.,-0.0088,0.2,0
2465,AMZN,AMZN misses Q3 earnings estimates amid rising operational costs.,-0.806,-1.38,0
2466,NVDA,"NVDA reports cybersecurity breach, prompting investor selloff.",-0.5771,-1.33,0
2467,ETH,ETH reports record quarterly revenue exceeding Wall Street expectations.,0.5712,1.26,1
2468,NVDA,"NVDA reports cybersecurity breach, prompting investor selloff.",-0.8053,-1.58,0
2469,AMZN,AMZN reports record quarterly revenue exceeding Wall Street expectations.,0.8335,2.23,1
2470,META,"Federal Reserve signals rate cut interest, sparking market rally in META.",0.4948,1.24,1
2471,NVDA,NVDA schedules upcoming annual shareholder meeting for next month.,0.0152,-0.08,1
2472,AMZN,"AMZN secures major enterprise partnership, expanding market dominance.",0.3557,3.25,1
2473,ETH,"ETH secures major enterprise partnership, expanding market dominance.",0.7317,3.45,1
2474,TSLA,TSLA trades sideways amidst broader market consolidation.,0.1089,0.27,0
2475,MSFT,"Federal Reserve signals rate cut interest, sparking market rally in MSFT.",0.3608,2.09,1
2476,AAPL,Analysts raise price target for AAPL following strong demand metrics.,0.877,3.61,1
2477,MSFT,Analysts raise price target for MSFT following strong demand metrics.,0.6403,1.4,1
2478,AAPL,Decreased consumer demand hits AAPL quarterly profit margins.,-0.4102,-1.46,0
2479,ETH,ETH holds steady as investors await upcoming inflation report.,-0.0649,-0.85,0
2480,NVDA,"NVDA launches groundbreaking AI product line, driving analyst upgrades.",0.4429,3.23,1
2481,NVDA,Inflation fears and macro headwinds pressure NVDA valuations lower.,-0.6905,-2.95,0
2482,AAPL,AAPL announces strategic acquisition to boost AI infrastructure.,0.7324,2.72,1
2483,AAPL,"AAPL reports cybersecurity breach, prompting investor selloff.",-0.7486,-2.93,0
2484,TSLA,Inflation fears and macro headwinds pressure TSLA valuations lower.,-0.5959,-0.88,0
2485,GOOGL,GOOGL reports record quarterly revenue exceeding Wall Street expectations.,0.9468,4.62,1
2486,AAPL,"AAPL secures major enterprise partnership, expanding market dominance.",0.5358,1.78,1
2487,MSFT,"Regulatory scrutiny intensifies for MSFT, causing stock slump.",-0.5575,-2.07,0
2488,ETH,"Federal Reserve signals rate cut interest, sparking market rally in ETH.",0.9317,1.68,1
2489,MSFT,MSFT holds steady as investors await upcoming inflation report.,0.0565,-0.34,0
2490,ETH,Institutional investors surge buying in ETH after bullish earnings call.,0.6931,3.24,1
2491,BTC,Inflation fears and macro headwinds pressure BTC valuations lower.,-0.5996,-2.01,0
2492,GOOGL,Strong subscriber growth drives GOOGL shares to new 52-week high.,0.4534,1.45,1
2493,TSLA,"TSLA launches groundbreaking AI product line, driving analyst upgrades.",0.6825,3.66,1
2494,GOOGL,GOOGL misses Q3 earnings estimates amid rising operational costs.,-0.8315,-2.78,0
2495,META,"Regulatory scrutiny intensifies for META, causing stock slump.",-0.3825,-1.06,0
2496,AMZN,AMZN reports record quarterly revenue exceeding Wall Street expectations.,0.782,2.36,1
2497,BTC,BTC trades sideways amidst broader market consolidation.,-0.1269,-1.41,0
2498,MSFT,Market analysts maintain neutral rating on MSFT ahead of earnings.,0.0055,0.6,0
2499,AMZN,"AMZN secures major enterprise partnership, expanding market dominance.",0.7879,4.18,1
2500,META,"Federal Reserve signals rate cut interest, sparking market rally in META.",0.3812,0.36,1
2501,BTC,Strong subscriber growth drives BTC shares to new 52-week high.,0.5074,1.69,1
2502,NVDA,Analysts raise price target for NVDA following strong demand metrics.,0.5638,0.68,1
2503,BTC,Analyst downgrade for BTC citing margin compression and slow growth.,-0.5584,-3.76,0
2504,AAPL,AAPL trades sideways amidst broader market consolidation.,0.084,-0.48,1
2505,ETH,ETH holds steady as investors await upcoming inflation report.,-0.036,0.82,1
2506,ETH,ETH misses Q3 earnings estimates amid rising operational costs.,-0.8442,-1.3,0
2507,META,META announces routine board member appointment.,-0.1107,-1.15,1
2508,GOOGL,GOOGL reports record quarterly revenue exceeding Wall Street expectations.,0.526,1.57,1
2509,MSFT,MSFT announces strategic acquisition to boost AI infrastructure.,0.8062,3.33,1
2510,TSLA,"Federal Reserve signals rate cut interest, sparking market rally in TSLA.",0.3928,1.28,1
2511,GOOGL,"GOOGL secures major enterprise partnership, expanding market dominance.",0.4121,1.46,1
2512,GOOGL,Institutional investors surge buying in GOOGL after bullish earnings call.,0.8656,2.82,1
2513,AMZN,Inflation fears and macro headwinds pressure AMZN valuations lower.,-0.696,-2.46,0
2514,ETH,ETH announces routine board member appointment.,-0.008,-0.2,1
2515,META,META reports record quarterly revenue exceeding Wall Street expectations.,0.6104,2.21,1
2516,MSFT,Analysts raise price target for MSFT following strong demand metrics.,0.6381,1.4,1
2517,AAPL,AAPL shares plummet following unexpected CEO departure and audit concerns.,-0.6859,-3.46,0
2518,AAPL,AAPL announces strategic acquisition to boost AI infrastructure.,0.9398,4.59,1
2519,MSFT,Analysts raise price target for MSFT following strong demand metrics.,0.5455,1.62,1
2520,GOOGL,Decreased consumer demand hits GOOGL quarterly profit margins.,-0.9022,-2.17,0
2521,TSLA,"Federal Reserve signals rate cut interest, sparking market rally in TSLA.",0.563,2.08,1
2522,TSLA,"TSLA launches groundbreaking AI product line, driving analyst upgrades.",0.6081,2.09,1
2523,TSLA,TSLA shares plummet following unexpected CEO departure and audit concerns.,-0.8933,-2.66,0
2524,GOOGL,Institutional investors surge buying in GOOGL after bullish earnings call.,0.4343,2.65,1
2525,AAPL,AAPL misses Q3 earnings estimates amid rising operational costs.,-0.6476,-3.68,0
2526,BTC,BTC shares plummet following unexpected CEO departure and audit concerns.,-0.3729,-1.01,0
2527,GOOGL,GOOGL reports record quarterly revenue exceeding Wall Street expectations.,0.7357,3.29,1
2528,NVDA,NVDA shares plummet following unexpected CEO departure and audit concerns.,-0.3703,-1.14,0
2529,ETH,"ETH secures major enterprise partnership, expanding market dominance.",0.5258,3.03,1
2530,AMZN,Analysts raise price target for AMZN following strong demand metrics.,0.5285,0.96,1
2531,AMZN,Institutional investors surge buying in AMZN after bullish earnings call.,0.9301,1.73,1
2532,META,"Federal Reserve signals rate cut interest, sparking market rally in META.",0.9436,3.51,1
2533,GOOGL,"Regulatory scrutiny intensifies for GOOGL, causing stock slump.",-0.6844,-3.64,0
2534,NVDA,"NVDA launches groundbreaking AI product line, driving analyst upgrades.",0.747,4.88,1
2535,ETH,Analysts raise price target for ETH following strong demand metrics.,0.6611,1.33,1
2536,META,META announces routine board member appointment.,0.0463,-0.39,1
2537,AMZN,Strong subscriber growth drives AMZN shares to new 52-week high.,0.5599,1.14,1
2538,NVDA,Decreased consumer demand hits NVDA quarterly profit margins.,-0.5447,-2.07,0
2539,NVDA,Decreased consumer demand hits NVDA quarterly profit margins.,-0.9247,-0.76,0
2540,ETH,"Regulatory scrutiny intensifies for ETH, causing stock slump.",-0.8444,-3.16,0
2541,GOOGL,"GOOGL reports cybersecurity breach, prompting investor selloff.",-0.5273,-0.32,0
2542,MSFT,"Federal Reserve signals rate cut interest, sparking market rally in MSFT.",0.5739,0.27,1
2543,ETH,ETH shares plummet following unexpected CEO departure and audit concerns.,-0.8866,-2.95,0
2544,BTC,"BTC launches groundbreaking AI product line, driving analyst upgrades.",0.529,3.4,1
2545,AAPL,Analysts raise price target for AAPL following strong demand metrics.,0.5677,2.64,1
2546,NVDA,"Federal Reserve signals rate cut interest, sparking market rally in NVDA.",0.8168,1.97,1
2547,META,"Regulatory scrutiny intensifies for META, causing stock slump.",-0.7547,-3.12,0
2548,MSFT,Analysts raise price target for MSFT following strong demand metrics.,0.4271,0.16,1
2549,GOOGL,GOOGL misses Q3 earnings estimates amid rising operational costs.,-0.9106,-2.65,0
2550,GOOGL,"GOOGL faces supply chain bottlenecks, lowering annual guidance.",-0.8199,-1.45,0
2551,AMZN,Inflation fears and macro headwinds pressure AMZN valuations lower.,-0.8446,-4.12,0
2552,META,META reports record quarterly revenue exceeding Wall Street expectations.,0.8451,4.45,1
2553,MSFT,"MSFT faces supply chain bottlenecks, lowering annual guidance.",-0.7671,-3.4,0
2554,MSFT,"MSFT secures major enterprise partnership, expanding market dominance.",0.5995,2.6,1
2555,NVDA,"NVDA reports cybersecurity breach, prompting investor selloff.",-0.8896,-2.25,0
2556,BTC,BTC misses Q3 earnings estimates amid rising operational costs.,-0.6739,-3.37,0
2557,MSFT,Analysts raise price target for MSFT following strong demand metrics.,0.3638,1.15,1
2558,ETH,Institutional investors surge buying in ETH after bullish earnings call.,0.8971,3.31,1
2559,AMZN,"Regulatory scrutiny intensifies for AMZN, causing stock slump.",-0.5631,-0.95,0
2560,MSFT,Analyst downgrade for MSFT citing margin compression and slow growth.,-0.5595,-2.74,0
2561,MSFT,MSFT holds steady as investors await upcoming inflation report.,-0.0696,-1.43,1
2562,GOOGL,GOOGL reports record quarterly revenue exceeding Wall Street expectations.,0.8573,4.34,1
2563,AAPL,AAPL announces routine board member appointment.,-0.038,0.23,0
2564,GOOGL,GOOGL misses Q3 earnings estimates amid rising operational costs.,-0.4593,-0.8,0
2565,GOOGL,GOOGL announces strategic acquisition to boost AI infrastructure.,0.6576,2.25,1
2566,BTC,BTC announces strategic acquisition to boost AI infrastructure.,0.3548,-0.78,1
2567,TSLA,TSLA reports record quarterly revenue exceeding Wall Street expectations.,0.6137,0.1,1
2568,AAPL,AAPL trades sideways amidst broader market consolidation.,0.1373,0.4,1
2569,META,Strong subscriber growth drives META shares to new 52-week high.,0.766,2.25,1
2570,BTC,BTC misses Q3 earnings estimates amid rising operational costs.,-0.4398,-2.16,0
2571,BTC,"BTC secures major enterprise partnership, expanding market dominance.",0.8497,3.49,1
2572,AMZN,"Federal Reserve signals rate cut interest, sparking market rally in AMZN.",0.714,2.56,1
2573,AAPL,"Federal Reserve signals rate cut interest, sparking market rally in AAPL.",0.9473,4.26,1
2574,AMZN,AMZN misses Q3 earnings estimates amid rising operational costs.,-0.4778,-1.35,0
2575,NVDA,"NVDA launches groundbreaking AI product line, driving analyst upgrades.",0.6535,3.63,1
2576,NVDA,"Regulatory scrutiny intensifies for NVDA, causing stock slump.",-0.6214,-1.82,0
2577,TSLA,TSLA announces strategic acquisition to boost AI infrastructure.,0.5805,1.84,1
2578,AAPL,Inflation fears and macro headwinds pressure AAPL valuations lower.,-0.928,-3.06,0
2579,AMZN,AMZN shares plummet following unexpected CEO departure and audit concerns.,-0.7138,-2.39,0
2580,GOOGL,GOOGL misses Q3 earnings estimates amid rising operational costs.,-0.7984,-2.77,0
2581,AMZN,"AMZN faces supply chain bottlenecks, lowering annual guidance.",-0.6064,-1.19,0
2582,AAPL,AAPL shares plummet following unexpected CEO departure and audit concerns.,-0.5446,-1.9,0
2583,AMZN,"Regulatory scrutiny intensifies for AMZN, causing stock slump.",-0.4571,-1.54,0
2584,META,"META reports cybersecurity breach, prompting investor selloff.",-0.7144,-2.73,0
2585,BTC,BTC misses Q3 earnings estimates amid rising operational costs.,-0.4576,-1.69,0
2586,AMZN,AMZN misses Q3 earnings estimates amid rising operational costs.,-0.5022,-2.06,0
2587,AMZN,AMZN shares plummet following unexpected CEO departure and audit concerns.,-0.6571,-1.2,0
2588,NVDA,NVDA reports record quarterly revenue exceeding Wall Street expectations.,0.7556,3.26,1
2589,AAPL,AAPL shares plummet following unexpected CEO departure and audit concerns.,-0.6995,-2.32,0
2590,AAPL,AAPL reports record quarterly revenue exceeding Wall Street expectations.,0.854,4.39,1
2591,TSLA,TSLA schedules upcoming annual shareholder meeting for next month.,0.1471,1.27,0
2592,TSLA,"TSLA reports cybersecurity breach, prompting investor selloff.",-0.4076,-2.41,0
2593,TSLA,"TSLA reports cybersecurity breach, prompting investor selloff.",-0.8373,-4.13,0
2594,META,META shares plummet following unexpected CEO departure and audit concerns.,-0.8427,-2.03,0
2595,ETH,Decreased consumer demand hits ETH quarterly profit margins.,-0.8028,-4.34,0
2596,AAPL,Market analysts maintain neutral rating on AAPL ahead of earnings.,-0.0186,-0.5,1
2597,MSFT,Analysts raise price target for MSFT following strong demand metrics.,0.7644,4.42,1
2598,ETH,"ETH launches groundbreaking AI product line, driving analyst upgrades.",0.4176,1.62,1
2599,AMZN,"Federal Reserve signals rate cut interest, sparking market rally in AMZN.",0.5453,1.82,1
2600,META,"Regulatory scrutiny intensifies for META, causing stock slump.",-0.68,-2.61,0
2601,ETH,"Federal Reserve signals rate cut interest, sparking market rally in ETH.",0.4777,2.24,1
2602,GOOGL,GOOGL reports record quarterly revenue exceeding Wall Street expectations.,0.7613,3.69,1
2603,BTC,Analysts raise price target for BTC following strong demand metrics.,0.3939,1.85,1
2604,AAPL,Institutional investors surge buying in AAPL after bullish earnings call.,0.7516,3.21,1
2605,ETH,"ETH reports cybersecurity breach, prompting investor selloff.",-0.5143,-2.19,0
2606,ETH,"ETH faces supply chain bottlenecks, lowering annual guidance.",-0.5643,-1.31,0
2607,TSLA,TSLA shares plummet following unexpected CEO departure and audit concerns.,-0.7446,-2.33,0
2608,BTC,Inflation fears and macro headwinds pressure BTC valuations lower.,-0.6424,-1.05,0
2609,AAPL,AAPL trades sideways amidst broader market consolidation.,-0.0699,-0.01,1
2610,BTC,Decreased consumer demand hits BTC quarterly profit margins.,-0.4891,-2.69,0
2611,AAPL,Inflation fears and macro headwinds pressure AAPL valuations lower.,-0.4473,-1.1,0
2612,AAPL,"AAPL faces supply chain bottlenecks, lowering annual guidance.",-0.4431,-2.76,0
2613,AMZN,Institutional investors surge buying in AMZN after bullish earnings call.,0.948,3.91,1
2614,BTC,"BTC secures major enterprise partnership, expanding market dominance.",0.5541,2.96,1
2615,GOOGL,"GOOGL faces supply chain bottlenecks, lowering annual guidance.",-0.9405,-3.51,0
2616,META,Strong subscriber growth drives META shares to new 52-week high.,0.6991,1.94,1
2617,MSFT,Strong subscriber growth drives MSFT shares to new 52-week high.,0.9034,3.37,1
2618,TSLA,TSLA reports record quarterly revenue exceeding Wall Street expectations.,0.3532,1.2,1
2619,GOOGL,"Regulatory scrutiny intensifies for GOOGL, causing stock slump.",-0.8662,-3.16,0
2620,META,Analyst downgrade for META citing margin compression and slow growth.,-0.6335,-2.91,0
2621,AMZN,AMZN schedules upcoming annual shareholder meeting for next month.,0.093,0.89,0
2622,NVDA,Decreased consumer demand hits NVDA quarterly profit margins.,-0.8525,-2.8,0
2623,MSFT,MSFT announces strategic acquisition to boost AI infrastructure.,0.5307,3.73,1
2624,ETH,Institutional investors surge buying in ETH after bullish earnings call.,0.5316,1.17,1
2625,AAPL,"AAPL secures major enterprise partnership, expanding market dominance.",0.7629,2.5,1
2626,AAPL,Decreased consumer demand hits AAPL quarterly profit margins.,-0.7928,-3.6,0
2627,TSLA,TSLA announces routine board member appointment.,-0.1456,0.04,0
2628,ETH,ETH holds steady as investors await upcoming inflation report.,-0.0652,-0.13,0
2629,ETH,"ETH reports cybersecurity breach, prompting investor selloff.",-0.6477,-3.07,0
2630,MSFT,MSFT announces strategic acquisition to boost AI infrastructure.,0.7997,3.47,1
2631,MSFT,"MSFT faces supply chain bottlenecks, lowering annual guidance.",-0.6876,-2.26,0
2632,AMZN,AMZN announces routine board member appointment.,-0.064,0.26,0
2633,META,Strong subscriber growth drives META shares to new 52-week high.,0.6502,1.5,1
2634,AAPL,Analysts raise price target for AAPL following strong demand metrics.,0.9104,4.47,1
2635,ETH,Strong subscriber growth drives ETH shares to new 52-week high.,0.8635,2.23,1
2636,AAPL,"Federal Reserve signals rate cut interest, sparking market rally in AAPL.",0.6223,2.63,1
2637,MSFT,"MSFT secures major enterprise partnership, expanding market dominance.",0.4986,2.72,1
2638,ETH,Analysts raise price target for ETH following strong demand metrics.,0.412,1.46,1
2639,AAPL,"AAPL reports cybersecurity breach, prompting investor selloff.",-0.6404,-2.13,0
2640,TSLA,TSLA announces strategic acquisition to boost AI infrastructure.,0.7792,3.42,1
2641,GOOGL,Decreased consumer demand hits GOOGL quarterly profit margins.,-0.3923,-1.58,0
2642,AMZN,"Federal Reserve signals rate cut interest, sparking market rally in AMZN.",0.4253,0.45,1
2643,AMZN,Institutional investors surge buying in AMZN after bullish earnings call.,0.445,3.35,1
2644,AAPL,AAPL misses Q3 earnings estimates amid rising operational costs.,-0.609,-2.88,0
2645,NVDA,"Federal Reserve signals rate cut interest, sparking market rally in NVDA.",0.8424,3.85,1
2646,TSLA,"TSLA secures major enterprise partnership, expanding market dominance.",0.421,1.78,1
2647,ETH,"ETH secures major enterprise partnership, expanding market dominance.",0.5275,-0.32,1
2648,META,META reports record quarterly revenue exceeding Wall Street expectations.,0.8791,2.96,1
2649,META,"Federal Reserve signals rate cut interest, sparking market rally in META.",0.3587,-0.25,1
2650,TSLA,TSLA announces strategic acquisition to boost AI infrastructure.,0.5287,3.0,1
2651,TSLA,"TSLA faces supply chain bottlenecks, lowering annual guidance.",-0.5005,-0.93,0
2652,TSLA,Strong subscriber growth drives TSLA shares to new 52-week high.,0.7383,1.31,1
2653,AMZN,"AMZN launches groundbreaking AI product line, driving analyst upgrades.",0.6243,2.97,1
2654,GOOGL,"GOOGL reports cybersecurity breach, prompting investor selloff.",-0.7135,-2.4,0
2655,MSFT,"Federal Reserve signals rate cut interest, sparking market rally in MSFT.",0.8453,2.68,1
2656,GOOGL,"GOOGL reports cybersecurity breach, prompting investor selloff.",-0.5264,-1.99,0
2657,ETH,Institutional investors surge buying in ETH after bullish earnings call.,0.881,1.94,1
2658,META,"META reports cybersecurity breach, prompting investor selloff.",-0.9235,-2.92,0
2659,NVDA,"Federal Reserve signals rate cut interest, sparking market rally in NVDA.",0.8276,2.75,1
2660,BTC,Analysts raise price target for BTC following strong demand metrics.,0.6093,0.14,1
2661,META,"Federal Reserve signals rate cut interest, sparking market rally in META.",0.8114,1.78,1
2662,AMZN,AMZN announces strategic acquisition to boost AI infrastructure.,0.7772,0.64,1
2663,GOOGL,Analysts raise price target for GOOGL following strong demand metrics.,0.5385,1.24,1
2664,MSFT,MSFT misses Q3 earnings estimates amid rising operational costs.,-0.893,-2.91,0
2665,AMZN,AMZN shares plummet following unexpected CEO departure and audit concerns.,-0.3635,-1.32,0
2666,NVDA,NVDA shares plummet following unexpected CEO departure and audit concerns.,-0.3511,-1.65,0
2667,BTC,"BTC launches groundbreaking AI product line, driving analyst upgrades.",0.7387,2.22,1
2668,BTC,Strong subscriber growth drives BTC shares to new 52-week high.,0.9451,3.01,1
2669,META,"Regulatory scrutiny intensifies for META, causing stock slump.",-0.3799,-1.21,0
2670,BTC,Decreased consumer demand hits BTC quarterly profit margins.,-0.6321,-2.72,0
2671,TSLA,Market analysts maintain neutral rating on TSLA ahead of earnings.,-0.1384,-1.1,1
2672,AMZN,AMZN announces routine board member appointment.,-0.1407,-0.8,0
2673,NVDA,Market analysts maintain neutral rating on NVDA ahead of earnings.,-0.1247,-0.63,0
2674,ETH,"Regulatory scrutiny intensifies for ETH, causing stock slump.",-0.7877,-2.22,0
2675,GOOGL,Institutional investors surge buying in GOOGL after bullish earnings call.,0.8023,1.32,1
2676,NVDA,"Federal Reserve signals rate cut interest, sparking market rally in NVDA.",0.8532,2.57,1
2677,ETH,ETH shares plummet following unexpected CEO departure and audit concerns.,-0.7856,-3.33,0
2678,TSLA,"TSLA faces supply chain bottlenecks, lowering annual guidance.",-0.6768,-2.65,0
2679,ETH,ETH misses Q3 earnings estimates amid rising operational costs.,-0.5178,-2.31,0
2680,BTC,Inflation fears and macro headwinds pressure BTC valuations lower.,-0.9125,-2.97,0
2681,AMZN,"Federal Reserve signals rate cut interest, sparking market rally in AMZN.",0.7544,2.77,1
2682,AAPL,"AAPL faces supply chain bottlenecks, lowering annual guidance.",-0.6367,-2.56,0
2683,META,Strong subscriber growth drives META shares to new 52-week high.,0.7206,3.29,1
2684,META,Analyst downgrade for META citing margin compression and slow growth.,-0.5965,-2.17,0
2685,ETH,Strong subscriber growth drives ETH shares to new 52-week high.,0.4781,0.43,1
2686,ETH,ETH announces strategic acquisition to boost AI infrastructure.,0.8606,4.15,1
2687,NVDA,NVDA announces strategic acquisition to boost AI infrastructure.,0.8371,2.4,1
2688,AAPL,"AAPL launches groundbreaking AI product line, driving analyst upgrades.",0.8827,3.13,1
2689,NVDA,Decreased consumer demand hits NVDA quarterly profit margins.,-0.4665,-1.81,0
2690,GOOGL,GOOGL reports record quarterly revenue exceeding Wall Street expectations.,0.7735,1.31,1
2691,AAPL,"Federal Reserve signals rate cut interest, sparking market rally in AAPL.",0.4907,3.94,1
2692,META,"META secures major enterprise partnership, expanding market dominance.",0.9192,2.39,1
2693,MSFT,MSFT schedules upcoming annual shareholder meeting for next month.,-0.147,-0.92,0
2694,META,"META launches groundbreaking AI product line, driving analyst upgrades.",0.7793,3.18,1
2695,TSLA,"TSLA reports cybersecurity breach, prompting investor selloff.",-0.7805,-1.39,0
2696,ETH,ETH reports record quarterly revenue exceeding Wall Street expectations.,0.8166,3.18,1
2697,TSLA,"Federal Reserve signals rate cut interest, sparking market rally in TSLA.",0.6188,0.19,1
2698,GOOGL,"GOOGL secures major enterprise partnership, expanding market dominance.",0.4938,2.44,1
2699,AMZN,Decreased consumer demand hits AMZN quarterly profit margins.,-0.8693,-2.57,0
2700,AAPL,"AAPL launches groundbreaking AI product line, driving analyst upgrades.",0.943,3.1,1
2701,ETH,"ETH secures major enterprise partnership, expanding market dominance.",0.8964,3.07,1
2702,AMZN,AMZN shares plummet following unexpected CEO departure and audit concerns.,-0.5391,-1.48,0
2703,GOOGL,GOOGL schedules upcoming annual shareholder meeting for next month.,-0.0052,-0.71,0
2704,NVDA,NVDA reports record quarterly revenue exceeding Wall Street expectations.,0.8263,3.78,1
2705,META,"META faces supply chain bottlenecks, lowering annual guidance.",-0.359,-1.29,0
2706,ETH,Market analysts maintain neutral rating on ETH ahead of earnings.,0.0061,-0.07,1
2707,GOOGL,GOOGL trades sideways amidst broader market consolidation.,0.0872,1.06,0
2708,GOOGL,"Federal Reserve signals rate cut interest, sparking market rally in GOOGL.",0.4222,0.25,1
2709,NVDA,Strong subscriber growth drives NVDA shares to new 52-week high.,0.9206,3.04,1
2710,ETH,"ETH launches groundbreaking AI product line, driving analyst upgrades.",0.8443,3.39,1
2711,BTC,Market analysts maintain neutral rating on BTC ahead of earnings.,-0.0956,-1.47,1
2712,MSFT,MSFT misses Q3 earnings estimates amid rising operational costs.,-0.6976,-3.78,0
2713,ETH,Market analysts maintain neutral rating on ETH ahead of earnings.,-0.1175,0.81,1
2714,BTC,BTC announces strategic acquisition to boost AI infrastructure.,0.7329,3.54,1
2715,GOOGL,GOOGL schedules upcoming annual shareholder meeting for next month.,0.0692,-0.11,0
2716,GOOGL,Institutional investors surge buying in GOOGL after bullish earnings call.,0.4222,1.0,1
2717,AAPL,"Federal Reserve signals rate cut interest, sparking market rally in AAPL.",0.7564,3.14,1
2718,GOOGL,GOOGL reports record quarterly revenue exceeding Wall Street expectations.,0.9122,1.85,1
2719,MSFT,MSFT misses Q3 earnings estimates amid rising operational costs.,-0.8738,-3.18,0
2720,AMZN,AMZN trades sideways amidst broader market consolidation.,0.1194,0.14,1
2721,AMZN,Analysts raise price target for AMZN following strong demand metrics.,0.538,2.71,1
2722,GOOGL,Institutional investors surge buying in GOOGL after bullish earnings call.,0.8887,2.38,1
2723,AAPL,AAPL reports record quarterly revenue exceeding Wall Street expectations.,0.5657,2.17,1
2724,GOOGL,"Federal Reserve signals rate cut interest, sparking market rally in GOOGL.",0.6211,1.38,1
2725,ETH,"Federal Reserve signals rate cut interest, sparking market rally in ETH.",0.4082,2.89,1
2726,MSFT,Strong subscriber growth drives MSFT shares to new 52-week high.,0.4416,1.89,1
2727,AAPL,"Federal Reserve signals rate cut interest, sparking market rally in AAPL.",0.3647,-0.12,1
2728,MSFT,Institutional investors surge buying in MSFT after bullish earnings call.,0.7045,1.73,1
2729,NVDA,Analyst downgrade for NVDA citing margin compression and slow growth.,-0.4682,-2.36,0
2730,AMZN,"AMZN launches groundbreaking AI product line, driving analyst upgrades.",0.412,1.97,1
2731,AAPL,AAPL schedules upcoming annual shareholder meeting for next month.,-0.0517,-2.95,0
2732,NVDA,NVDA announces strategic acquisition to boost AI infrastructure.,0.7129,2.23,1
2733,MSFT,"MSFT reports cybersecurity breach, prompting investor selloff.",-0.9124,-3.21,0
2734,ETH,"Regulatory scrutiny intensifies for ETH, causing stock slump.",-0.6442,-1.17,0
2735,AAPL,AAPL reports record quarterly revenue exceeding Wall Street expectations.,0.4576,2.28,1
2736,NVDA,Analyst downgrade for NVDA citing margin compression and slow growth.,-0.408,-0.94,0
2737,MSFT,MSFT holds steady as investors await upcoming inflation report.,0.0854,1.3,0
2738,NVDA,NVDA holds steady as investors await upcoming inflation report.,-0.0877,-0.24,0
2739,ETH,Decreased consumer demand hits ETH quarterly profit margins.,-0.8211,-3.29,0
2740,NVDA,"Regulatory scrutiny intensifies for NVDA, causing stock slump.",-0.3584,-2.07,0
2741,TSLA,TSLA announces routine board member appointment.,-0.0604,0.28,1
2742,AMZN,Strong subscriber growth drives AMZN shares to new 52-week high.,0.5547,2.28,1
2743,ETH,Strong subscriber growth drives ETH shares to new 52-week high.,0.4766,2.64,1
2744,MSFT,MSFT trades sideways amidst broader market consolidation.,0.0909,1.14,0
2745,TSLA,"TSLA secures major enterprise partnership, expanding market dominance.",0.9146,0.81,1
2746,ETH,Inflation fears and macro headwinds pressure ETH valuations lower.,-0.6173,-3.03,0
2747,META,META reports record quarterly revenue exceeding Wall Street expectations.,0.8018,4.52,1
2748,AMZN,AMZN schedules upcoming annual shareholder meeting for next month.,-0.0908,-0.69,0
2749,ETH,Decreased consumer demand hits ETH quarterly profit margins.,-0.6333,-1.05,0
2750,GOOGL,GOOGL schedules upcoming annual shareholder meeting for next month.,0.0355,0.85,0
2751,AAPL,"AAPL reports cybersecurity breach, prompting investor selloff.",-0.7119,-2.08,0
2752,TSLA,Analysts raise price target for TSLA following strong demand metrics.,0.6501,3.52,1
2753,META,"META launches groundbreaking AI product line, driving analyst upgrades.",0.5444,1.35,1
2754,AAPL,"AAPL secures major enterprise partnership, expanding market dominance.",0.7525,2.74,1
2755,ETH,Decreased consumer demand hits ETH quarterly profit margins.,-0.5864,-1.32,0
2756,AMZN,"AMZN faces supply chain bottlenecks, lowering annual guidance.",-0.7847,-2.2,0
2757,MSFT,"Regulatory scrutiny intensifies for MSFT, causing stock slump.",-0.44,-1.87,0
2758,AMZN,AMZN trades sideways amidst broader market consolidation.,-0.0775,0.52,1
2759,GOOGL,Analyst downgrade for GOOGL citing margin compression and slow growth.,-0.3616,-1.79,0
2760,AMZN,Market analysts maintain neutral rating on AMZN ahead of earnings.,0.0782,-1.37,0
2761,MSFT,Analyst downgrade for MSFT citing margin compression and slow growth.,-0.8132,-3.41,0
2762,MSFT,"Federal Reserve signals rate cut interest, sparking market rally in MSFT.",0.4282,1.22,1
2763,GOOGL,Inflation fears and macro headwinds pressure GOOGL valuations lower.,-0.7903,-4.93,0
2764,NVDA,NVDA announces strategic acquisition to boost AI infrastructure.,0.7344,2.49,1
2765,MSFT,"MSFT secures major enterprise partnership, expanding market dominance.",0.5997,2.54,1
2766,BTC,BTC reports record quarterly revenue exceeding Wall Street expectations.,0.8214,2.13,1
2767,META,META schedules upcoming annual shareholder meeting for next month.,0.0584,-0.81,0
2768,AAPL,Institutional investors surge buying in AAPL after bullish earnings call.,0.9273,4.47,1
2769,BTC,BTC announces strategic acquisition to boost AI infrastructure.,0.7332,3.29,1
2770,NVDA,NVDA reports record quarterly revenue exceeding Wall Street expectations.,0.3635,0.02,1
2771,AMZN,"Federal Reserve signals rate cut interest, sparking market rally in AMZN.",0.7828,2.94,1
2772,MSFT,Institutional investors surge buying in MSFT after bullish earnings call.,0.3518,2.84,1
2773,ETH,"ETH secures major enterprise partnership, expanding market dominance.",0.7824,2.52,1
2774,MSFT,"MSFT launches groundbreaking AI product line, driving analyst upgrades.",0.4587,1.75,1
2775,AMZN,AMZN misses Q3 earnings estimates amid rising operational costs.,-0.6688,-3.34,0
2776,ETH,Market analysts maintain neutral rating on ETH ahead of earnings.,-0.0572,-0.03,0
2777,GOOGL,Analysts raise price target for GOOGL following strong demand metrics.,0.8222,2.63,1
2778,BTC,Institutional investors surge buying in BTC after bullish earnings call.,0.8804,2.41,1
2779,BTC,BTC trades sideways amidst broader market consolidation.,-0.1054,-1.75,0
2780,MSFT,"MSFT secures major enterprise partnership, expanding market dominance.",0.6046,2.02,1
2781,MSFT,"MSFT reports cybersecurity breach, prompting investor selloff.",-0.6275,-2.23,0
2782,AMZN,Institutional investors surge buying in AMZN after bullish earnings call.,0.7311,2.24,1
2783,META,Analysts raise price target for META following strong demand metrics.,0.6842,2.56,1
2784,AMZN,AMZN holds steady as investors await upcoming inflation report.,0.1134,1.56,1
2785,MSFT,"Federal Reserve signals rate cut interest, sparking market rally in MSFT.",0.7455,2.88,1
2786,AMZN,"AMZN reports cybersecurity breach, prompting investor selloff.",-0.7171,-4.5,0
2787,AAPL,Strong subscriber growth drives AAPL shares to new 52-week high.,0.9457,1.73,1
2788,AMZN,AMZN shares plummet following unexpected CEO departure and audit concerns.,-0.5515,-1.24,0
2789,AMZN,AMZN trades sideways amidst broader market consolidation.,0.0552,-0.17,1
2790,AMZN,Market analysts maintain neutral rating on AMZN ahead of earnings.,-0.0894,-0.49,1
2791,ETH,"ETH secures major enterprise partnership, expanding market dominance.",0.4692,0.94,1
2792,MSFT,"MSFT secures major enterprise partnership, expanding market dominance.",0.512,0.84,1
2793,NVDA,"NVDA secures major enterprise partnership, expanding market dominance.",0.4829,0.14,1
2794,META,META misses Q3 earnings estimates amid rising operational costs.,-0.6422,-4.16,0
2795,NVDA,"NVDA faces supply chain bottlenecks, lowering annual guidance.",-0.5079,-0.44,0
2796,MSFT,MSFT reports record quarterly revenue exceeding Wall Street expectations.,0.6623,3.19,1
2797,NVDA,Institutional investors surge buying in NVDA after bullish earnings call.,0.7785,2.7,1
2798,ETH,ETH announces strategic acquisition to boost AI infrastructure.,0.3977,1.42,1
2799,BTC,Analyst downgrade for BTC citing margin compression and slow growth.,-0.7282,-3.2,0
2800,TSLA,Strong subscriber growth drives TSLA shares to new 52-week high.,0.5867,0.61,1
2801,GOOGL,Market analysts maintain neutral rating on GOOGL ahead of earnings.,0.0034,0.2,1
2802,TSLA,"TSLA launches groundbreaking AI product line, driving analyst upgrades.",0.8299,2.94,1
2803,ETH,Market analysts maintain neutral rating on ETH ahead of earnings.,-0.0098,0.05,0
2804,NVDA,"NVDA faces supply chain bottlenecks, lowering annual guidance.",-0.3818,-0.57,0
2805,BTC,Institutional investors surge buying in BTC after bullish earnings call.,0.678,2.21,1
2806,BTC,BTC announces strategic acquisition to boost AI infrastructure.,0.7032,4.85,1
2807,MSFT,Analysts raise price target for MSFT following strong demand metrics.,0.9264,2.44,1
2808,ETH,"Federal Reserve signals rate cut interest, sparking market rally in ETH.",0.8882,3.11,1
2809,TSLA,Strong subscriber growth drives TSLA shares to new 52-week high.,0.3549,1.63,1
2810,TSLA,Analyst downgrade for TSLA citing margin compression and slow growth.,-0.8174,-3.68,0
2811,AMZN,"AMZN faces supply chain bottlenecks, lowering annual guidance.",-0.914,-3.89,0
2812,AAPL,AAPL shares plummet following unexpected CEO departure and audit concerns.,-0.4074,-1.76,0
2813,AAPL,"AAPL secures major enterprise partnership, expanding market dominance.",0.6,1.02,1
2814,META,"META secures major enterprise partnership, expanding market dominance.",0.3647,2.12,1
2815,AAPL,Analysts raise price target for AAPL following strong demand metrics.,0.5259,0.94,1
2816,ETH,Inflation fears and macro headwinds pressure ETH valuations lower.,-0.4794,-3.54,0
2817,AAPL,Institutional investors surge buying in AAPL after bullish earnings call.,0.8936,3.45,1
2818,BTC,Analyst downgrade for BTC citing margin compression and slow growth.,-0.7763,-2.05,0
2819,MSFT,"MSFT faces supply chain bottlenecks, lowering annual guidance.",-0.4429,-0.0,0
2820,MSFT,MSFT announces routine board member appointment.,-0.056,0.01,1
2821,AAPL,AAPL announces routine board member appointment.,0.0673,-0.25,0
2822,BTC,Inflation fears and macro headwinds pressure BTC valuations lower.,-0.6775,-3.33,0
2823,BTC,Strong subscriber growth drives BTC shares to new 52-week high.,0.5847,3.4,1
2824,META,META announces strategic acquisition to boost AI infrastructure.,0.3824,2.57,1
2825,NVDA,NVDA reports record quarterly revenue exceeding Wall Street expectations.,0.4397,1.72,1
2826,MSFT,MSFT reports record quarterly revenue exceeding Wall Street expectations.,0.4541,0.92,1
2827,GOOGL,GOOGL announces routine board member appointment.,-0.0345,1.14,1
2828,MSFT,"MSFT reports cybersecurity breach, prompting investor selloff.",-0.4108,-1.87,0
2829,GOOGL,Institutional investors surge buying in GOOGL after bullish earnings call.,0.4263,0.56,1
2830,MSFT,"MSFT faces supply chain bottlenecks, lowering annual guidance.",-0.6163,-2.44,0
2831,META,Inflation fears and macro headwinds pressure META valuations lower.,-0.3658,-0.69,0
2832,AMZN,Institutional investors surge buying in AMZN after bullish earnings call.,0.7453,2.03,1
2833,NVDA,"NVDA reports cybersecurity breach, prompting investor selloff.",-0.6525,-2.61,0
2834,MSFT,MSFT holds steady as investors await upcoming inflation report.,0.065,0.41,0
2835,BTC,BTC announces strategic acquisition to boost AI infrastructure.,0.6402,2.61,1
2836,BTC,BTC announces strategic acquisition to boost AI infrastructure.,0.9452,2.83,1
2837,BTC,Decreased consumer demand hits BTC quarterly profit margins.,-0.8187,-3.84,0
2838,META,Analysts raise price target for META following strong demand metrics.,0.3719,1.36,1
2839,AAPL,"AAPL secures major enterprise partnership, expanding market dominance.",0.7017,3.26,1
2840,NVDA,"Federal Reserve signals rate cut interest, sparking market rally in NVDA.",0.9457,1.82,1
2841,BTC,Strong subscriber growth drives BTC shares to new 52-week high.,0.432,0.06,1
2842,GOOGL,GOOGL shares plummet following unexpected CEO departure and audit concerns.,-0.7442,-3.66,0
2843,BTC,Decreased consumer demand hits BTC quarterly profit margins.,-0.482,-2.68,0
2844,MSFT,MSFT shares plummet following unexpected CEO departure and audit concerns.,-0.9205,-2.36,0
2845,AMZN,"AMZN secures major enterprise partnership, expanding market dominance.",0.4952,1.92,1
2846,TSLA,TSLA trades sideways amidst broader market consolidation.,-0.1316,-0.36,1
2847,META,"Federal Reserve signals rate cut interest, sparking market rally in META.",0.6391,2.0,1
2848,NVDA,Decreased consumer demand hits NVDA quarterly profit margins.,-0.5768,-2.32,0
2849,META,"META launches groundbreaking AI product line, driving analyst upgrades.",0.8666,2.46,1
2850,NVDA,NVDA shares plummet following unexpected CEO departure and audit concerns.,-0.7399,-1.22,0
2851,NVDA,Analyst downgrade for NVDA citing margin compression and slow growth.,-0.5471,-2.82,0
2852,AAPL,AAPL schedules upcoming annual shareholder meeting for next month.,-0.1397,-1.68,0
2853,BTC,Analyst downgrade for BTC citing margin compression and slow growth.,-0.6927,-3.4,0
2854,TSLA,"Federal Reserve signals rate cut interest, sparking market rally in TSLA.",0.6463,1.95,1
2855,META,"META reports cybersecurity breach, prompting investor selloff.",-0.7568,-3.25,0
2856,META,"META launches groundbreaking AI product line, driving analyst upgrades.",0.8976,3.25,1
2857,AMZN,"AMZN faces supply chain bottlenecks, lowering annual guidance.",-0.6311,-1.9,0
2858,ETH,"ETH launches groundbreaking AI product line, driving analyst upgrades.",0.7894,3.37,1
2859,BTC,Strong subscriber growth drives BTC shares to new 52-week high.,0.4794,1.65,1
2860,ETH,ETH announces routine board member appointment.,-0.0169,-0.74,1
2861,ETH,Institutional investors surge buying in ETH after bullish earnings call.,0.7418,4.04,1
2862,META,META misses Q3 earnings estimates amid rising operational costs.,-0.8759,-3.05,0
2863,AMZN,Decreased consumer demand hits AMZN quarterly profit margins.,-0.5494,-0.64,0
2864,BTC,"Federal Reserve signals rate cut interest, sparking market rally in BTC.",0.5836,3.02,1
2865,TSLA,Analyst downgrade for TSLA citing margin compression and slow growth.,-0.716,-1.89,0
2866,GOOGL,GOOGL shares plummet following unexpected CEO departure and audit concerns.,-0.8025,-3.14,0
2867,AMZN,Strong subscriber growth drives AMZN shares to new 52-week high.,0.8445,2.97,1
2868,MSFT,MSFT holds steady as investors await upcoming inflation report.,0.0435,0.08,1
2869,TSLA,Strong subscriber growth drives TSLA shares to new 52-week high.,0.5088,-0.45,1
2870,MSFT,MSFT shares plummet following unexpected CEO departure and audit concerns.,-0.4678,-0.76,0
2871,ETH,Decreased consumer demand hits ETH quarterly profit margins.,-0.6947,-0.89,0
2872,AAPL,Institutional investors surge buying in AAPL after bullish earnings call.,0.6078,2.55,1
2873,ETH,Analyst downgrade for ETH citing margin compression and slow growth.,-0.5177,-2.91,0
2874,ETH,Inflation fears and macro headwinds pressure ETH valuations lower.,-0.6766,-1.42,0
2875,NVDA,NVDA holds steady as investors await upcoming inflation report.,0.0038,1.12,0
2876,AMZN,Inflation fears and macro headwinds pressure AMZN valuations lower.,-0.892,-2.25,0
2877,MSFT,MSFT reports record quarterly revenue exceeding Wall Street expectations.,0.5744,1.54,1
2878,TSLA,TSLA shares plummet following unexpected CEO departure and audit concerns.,-0.5362,-1.81,0
2879,TSLA,Inflation fears and macro headwinds pressure TSLA valuations lower.,-0.7693,-2.74,0
2880,META,Inflation fears and macro headwinds pressure META valuations lower.,-0.7298,-0.38,0
2881,ETH,ETH misses Q3 earnings estimates amid rising operational costs.,-0.7979,-3.8,0
2882,NVDA,"NVDA secures major enterprise partnership, expanding market dominance.",0.5333,2.57,1
2883,ETH,Inflation fears and macro headwinds pressure ETH valuations lower.,-0.8813,-2.03,0
2884,GOOGL,GOOGL shares plummet following unexpected CEO departure and audit concerns.,-0.6774,-3.13,0
2885,TSLA,TSLA reports record quarterly revenue exceeding Wall Street expectations.,0.7715,2.53,1
2886,TSLA,"TSLA secures major enterprise partnership, expanding market dominance.",0.7483,1.75,1
2887,GOOGL,Strong subscriber growth drives GOOGL shares to new 52-week high.,0.6094,1.59,1
2888,GOOGL,GOOGL announces strategic acquisition to boost AI infrastructure.,0.5256,1.57,1
2889,MSFT,Market analysts maintain neutral rating on MSFT ahead of earnings.,0.1267,0.02,1
2890,BTC,"Regulatory scrutiny intensifies for BTC, causing stock slump.",-0.7843,-1.66,0
2891,ETH,ETH schedules upcoming annual shareholder meeting for next month.,0.0755,-1.57,0
2892,META,Analyst downgrade for META citing margin compression and slow growth.,-0.492,-1.48,0
2893,AAPL,AAPL announces strategic acquisition to boost AI infrastructure.,0.7975,3.32,1
2894,MSFT,Decreased consumer demand hits MSFT quarterly profit margins.,-0.3621,-0.64,0
2895,NVDA,Inflation fears and macro headwinds pressure NVDA valuations lower.,-0.9292,-3.08,0
2896,BTC,BTC misses Q3 earnings estimates amid rising operational costs.,-0.6793,-3.07,0
2897,ETH,ETH announces strategic acquisition to boost AI infrastructure.,0.6618,2.42,1
2898,NVDA,NVDA announces strategic acquisition to boost AI infrastructure.,0.4313,2.75,1
2899,TSLA,TSLA trades sideways amidst broader market consolidation.,0.0934,0.49,0
2900,META,"Federal Reserve signals rate cut interest, sparking market rally in META.",0.5455,1.99,1
2901,BTC,"BTC faces supply chain bottlenecks, lowering annual guidance.",-0.5637,-3.26,0
2902,AAPL,AAPL schedules upcoming annual shareholder meeting for next month.,0.1179,0.67,1
2903,BTC,BTC schedules upcoming annual shareholder meeting for next month.,-0.0766,-1.66,1
2904,AAPL,"AAPL reports cybersecurity breach, prompting investor selloff.",-0.7563,-2.52,0
2905,TSLA,TSLA holds steady as investors await upcoming inflation report.,-0.0905,1.08,1
2906,NVDA,Strong subscriber growth drives NVDA shares to new 52-week high.,0.5943,2.15,1
2907,TSLA,TSLA misses Q3 earnings estimates amid rising operational costs.,-0.8388,-2.04,0
2908,AMZN,Analysts raise price target for AMZN following strong demand metrics.,0.7437,2.98,1
2909,MSFT,"MSFT secures major enterprise partnership, expanding market dominance.",0.5911,2.26,1
2910,NVDA,NVDA reports record quarterly revenue exceeding Wall Street expectations.,0.926,3.82,1
2911,AAPL,Inflation fears and macro headwinds pressure AAPL valuations lower.,-0.7874,-3.55,0
2912,MSFT,Strong subscriber growth drives MSFT shares to new 52-week high.,0.3957,0.64,1
2913,MSFT,MSFT shares plummet following unexpected CEO departure and audit concerns.,-0.8109,-2.6,0
2914,NVDA,NVDA announces strategic acquisition to boost AI infrastructure.,0.4504,2.68,1
2915,AAPL,AAPL misses Q3 earnings estimates amid rising operational costs.,-0.5175,-1.24,0
2916,META,"Federal Reserve signals rate cut interest, sparking market rally in META.",0.6358,3.68,1
2917,NVDA,Strong subscriber growth drives NVDA shares to new 52-week high.,0.6507,3.09,1
2918,GOOGL,GOOGL schedules upcoming annual shareholder meeting for next month.,0.0889,0.83,0
2919,NVDA,"Federal Reserve signals rate cut interest, sparking market rally in NVDA.",0.5409,0.61,1
2920,GOOGL,Strong subscriber growth drives GOOGL shares to new 52-week high.,0.6696,2.1,1
2921,AMZN,Inflation fears and macro headwinds pressure AMZN valuations lower.,-0.4564,-1.52,0
2922,GOOGL,Analysts raise price target for GOOGL following strong demand metrics.,0.7921,0.33,1
2923,NVDA,"NVDA secures major enterprise partnership, expanding market dominance.",0.4841,2.0,1
2924,MSFT,"MSFT launches groundbreaking AI product line, driving analyst upgrades.",0.7673,1.85,1
2925,NVDA,Analyst downgrade for NVDA citing margin compression and slow growth.,-0.6545,-2.31,0
2926,MSFT,MSFT reports record quarterly revenue exceeding Wall Street expectations.,0.8496,3.66,1
2927,META,"META secures major enterprise partnership, expanding market dominance.",0.4798,2.16,1
2928,GOOGL,GOOGL reports record quarterly revenue exceeding Wall Street expectations.,0.5075,2.35,1
2929,AMZN,"AMZN reports cybersecurity breach, prompting investor selloff.",-0.6892,-3.21,0
2930,AAPL,Analysts raise price target for AAPL following strong demand metrics.,0.6899,1.99,1
2931,MSFT,Strong subscriber growth drives MSFT shares to new 52-week high.,0.4818,2.59,1
2932,META,"Federal Reserve signals rate cut interest, sparking market rally in META.",0.5517,2.55,1
2933,AMZN,AMZN misses Q3 earnings estimates amid rising operational costs.,-0.9358,-3.4,0
2934,GOOGL,Decreased consumer demand hits GOOGL quarterly profit margins.,-0.8971,-3.76,0
2935,ETH,Decreased consumer demand hits ETH quarterly profit margins.,-0.5844,-0.25,0
2936,TSLA,Decreased consumer demand hits TSLA quarterly profit margins.,-0.6696,-2.81,0
2937,AAPL,"AAPL reports cybersecurity breach, prompting investor selloff.",-0.5489,-1.98,0
2938,NVDA,NVDA announces routine board member appointment.,-0.1421,-0.48,1
2939,MSFT,Inflation fears and macro headwinds pressure MSFT valuations lower.,-0.9115,-2.75,0
2940,TSLA,TSLA misses Q3 earnings estimates amid rising operational costs.,-0.7117,-3.02,0
2941,AMZN,Strong subscriber growth drives AMZN shares to new 52-week high.,0.7777,3.44,1
2942,BTC,"Federal Reserve signals rate cut interest, sparking market rally in BTC.",0.8215,2.97,1
2943,BTC,"BTC faces supply chain bottlenecks, lowering annual guidance.",-0.8001,-2.82,0
2944,MSFT,Analysts raise price target for MSFT following strong demand metrics.,0.3946,3.31,1
2945,GOOGL,"Regulatory scrutiny intensifies for GOOGL, causing stock slump.",-0.7474,-2.14,0
2946,AAPL,Institutional investors surge buying in AAPL after bullish earnings call.,0.4327,2.27,1
2947,MSFT,"Federal Reserve signals rate cut interest, sparking market rally in MSFT.",0.4545,2.92,1
2948,AMZN,"AMZN faces supply chain bottlenecks, lowering annual guidance.",-0.4439,-0.94,0
2949,BTC,"Federal Reserve signals rate cut interest, sparking market rally in BTC.",0.9491,3.78,1
2950,MSFT,Analysts raise price target for MSFT following strong demand metrics.,0.4174,1.78,1
2951,BTC,BTC schedules upcoming annual shareholder meeting for next month.,-0.0613,1.88,1
2952,GOOGL,GOOGL schedules upcoming annual shareholder meeting for next month.,-0.0934,-0.01,0
2953,ETH,"Federal Reserve signals rate cut interest, sparking market rally in ETH.",0.38,0.85,1
2954,META,META announces strategic acquisition to boost AI infrastructure.,0.3979,1.97,1
2955,BTC,Analyst downgrade for BTC citing margin compression and slow growth.,-0.5328,-1.08,0
2956,AMZN,Analysts raise price target for AMZN following strong demand metrics.,0.5304,1.67,1
2957,META,"META reports cybersecurity breach, prompting investor selloff.",-0.6291,-2.42,0
2958,META,Strong subscriber growth drives META shares to new 52-week high.,0.9492,1.96,1
2959,META,"Federal Reserve signals rate cut interest, sparking market rally in META.",0.5768,1.3,1
2960,NVDA,"NVDA faces supply chain bottlenecks, lowering annual guidance.",-0.4451,-3.98,0
2961,AAPL,AAPL reports record quarterly revenue exceeding Wall Street expectations.,0.5943,2.24,1
2962,MSFT,Analyst downgrade for MSFT citing margin compression and slow growth.,-0.8556,-4.24,0
2963,ETH,ETH reports record quarterly revenue exceeding Wall Street expectations.,0.4162,0.84,1
2964,NVDA,Decreased consumer demand hits NVDA quarterly profit margins.,-0.6334,-2.26,0
2965,META,META holds steady as investors await upcoming inflation report.,0.0249,0.71,0
2966,AMZN,"Regulatory scrutiny intensifies for AMZN, causing stock slump.",-0.3952,-1.77,0
2967,ETH,Decreased consumer demand hits ETH quarterly profit margins.,-0.7715,-1.86,0
2968,GOOGL,"Federal Reserve signals rate cut interest, sparking market rally in GOOGL.",0.4527,0.83,1
2969,TSLA,Inflation fears and macro headwinds pressure TSLA valuations lower.,-0.7221,-3.01,0
2970,ETH,"Regulatory scrutiny intensifies for ETH, causing stock slump.",-0.7561,-2.67,0
2971,AMZN,Inflation fears and macro headwinds pressure AMZN valuations lower.,-0.5743,-2.27,0
2972,ETH,"ETH faces supply chain bottlenecks, lowering annual guidance.",-0.5521,-2.23,0
2973,TSLA,TSLA shares plummet following unexpected CEO departure and audit concerns.,-0.6811,-3.79,0
2974,AAPL,Market analysts maintain neutral rating on AAPL ahead of earnings.,0.0665,-1.54,0
2975,META,Institutional investors surge buying in META after bullish earnings call.,0.7639,2.49,1
2976,GOOGL,GOOGL shares plummet following unexpected CEO departure and audit concerns.,-0.3627,-1.03,0
2977,NVDA,"NVDA launches groundbreaking AI product line, driving analyst upgrades.",0.4136,1.18,1
2978,ETH,"ETH faces supply chain bottlenecks, lowering annual guidance.",-0.8862,-3.6,0
2979,AAPL,"AAPL secures major enterprise partnership, expanding market dominance.",0.4098,1.45,1
2980,BTC,BTC shares plummet following unexpected CEO departure and audit concerns.,-0.8425,-4.77,0
2981,MSFT,Decreased consumer demand hits MSFT quarterly profit margins.,-0.6934,-1.05,0
2982,AAPL,Strong subscriber growth drives AAPL shares to new 52-week high.,0.4577,1.7,1
2983,TSLA,Analysts raise price target for TSLA following strong demand metrics.,0.4462,2.96,1
2984,TSLA,TSLA misses Q3 earnings estimates amid rising operational costs.,-0.8188,-0.94,0
2985,AMZN,Inflation fears and macro headwinds pressure AMZN valuations lower.,-0.7843,-3.31,0
2986,META,Decreased consumer demand hits META quarterly profit margins.,-0.9052,-3.82,0
2987,TSLA,TSLA schedules upcoming annual shareholder meeting for next month.,0.0688,-0.12,1
2988,AAPL,AAPL reports record quarterly revenue exceeding Wall Street expectations.,0.7524,2.18,1
2989,ETH,Analysts raise price target for ETH following strong demand metrics.,0.3915,0.83,1
2990,TSLA,Institutional investors surge buying in TSLA after bullish earnings call.,0.4374,0.78,1
2991,GOOGL,Analyst downgrade for GOOGL citing margin compression and slow growth.,-0.3773,-0.68,0
2992,TSLA,TSLA reports record quarterly revenue exceeding Wall Street expectations.,0.4142,2.53,1
2993,MSFT,"Regulatory scrutiny intensifies for MSFT, causing stock slump.",-0.4503,-1.41,0
2994,MSFT,"MSFT faces supply chain bottlenecks, lowering annual guidance.",-0.7458,-2.98,0
2995,AAPL,"AAPL secures major enterprise partnership, expanding market dominance.",0.6477,1.98,1
2996,META,META announces strategic acquisition to boost AI infrastructure.,0.7624,3.62,1
2997,GOOGL,"GOOGL launches groundbreaking AI product line, driving analyst upgrades.",0.4446,1.03,1
2998,MSFT,Analysts raise price target for MSFT following strong demand metrics.,0.4367,1.15,1
2999,MSFT,"MSFT launches groundbreaking AI product line, driving analyst upgrades.",0.8325,2.63,1
3000,GOOGL,GOOGL shares plummet following unexpected CEO departure and audit concerns.,-0.6439,-3.23,0
3001,BTC,"BTC launches groundbreaking AI product line, driving analyst upgrades.",0.5881,1.47,1
3002,MSFT,"Federal Reserve signals rate cut interest, sparking market rally in MSFT.",0.4624,0.5,1
3003,ETH,Inflation fears and macro headwinds pressure ETH valuations lower.,-0.8474,-2.87,0
3004,MSFT,Analyst downgrade for MSFT citing margin compression and slow growth.,-0.6539,-2.58,0
3005,META,META misses Q3 earnings estimates amid rising operational costs.,-0.6695,-3.27,0
3006,AAPL,AAPL trades sideways amidst broader market consolidation.,0.0564,-1.55,1
3007,ETH,ETH announces routine board member appointment.,-0.0174,1.1,0
3008,NVDA,"NVDA faces supply chain bottlenecks, lowering annual guidance.",-0.5928,-2.6,0
3009,GOOGL,"GOOGL secures major enterprise partnership, expanding market dominance.",0.5813,2.42,1
3010,TSLA,"TSLA reports cybersecurity breach, prompting investor selloff.",-0.7847,-3.43,0
3011,MSFT,MSFT trades sideways amidst broader market consolidation.,0.0309,-0.36,1
3012,BTC,"BTC secures major enterprise partnership, expanding market dominance.",0.6547,2.74,1
3013,TSLA,Inflation fears and macro headwinds pressure TSLA valuations lower.,-0.4502,-0.7,0
3014,MSFT,MSFT holds steady as investors await upcoming inflation report.,0.1206,2.9,1
3015,NVDA,NVDA shares plummet following unexpected CEO departure and audit concerns.,-0.7098,-2.76,0
3016,BTC,Strong subscriber growth drives BTC shares to new 52-week high.,0.3838,2.06,1
3017,AAPL,AAPL shares plummet following unexpected CEO departure and audit concerns.,-0.6034,-0.53,0
3018,GOOGL,"Federal Reserve signals rate cut interest, sparking market rally in GOOGL.",0.4345,1.65,1
3019,META,"META reports cybersecurity breach, prompting investor selloff.",-0.645,-2.08,0
3020,TSLA,TSLA announces strategic acquisition to boost AI infrastructure.,0.5799,3.07,1
3021,BTC,Market analysts maintain neutral rating on BTC ahead of earnings.,-0.032,1.1,1
3022,BTC,"BTC faces supply chain bottlenecks, lowering annual guidance.",-0.6308,-3.92,0
3023,BTC,BTC announces strategic acquisition to boost AI infrastructure.,0.479,2.39,1
3024,GOOGL,GOOGL announces routine board member appointment.,-0.0147,0.46,0
3025,TSLA,TSLA reports record quarterly revenue exceeding Wall Street expectations.,0.5047,1.68,1
3026,MSFT,Analysts raise price target for MSFT following strong demand metrics.,0.5131,0.56,1
3027,AMZN,Analyst downgrade for AMZN citing margin compression and slow growth.,-0.4879,-0.27,0
3028,MSFT,Institutional investors surge buying in MSFT after bullish earnings call.,0.9297,3.0,1
3029,BTC,"Regulatory scrutiny intensifies for BTC, causing stock slump.",-0.8383,-3.1,0
3030,MSFT,"Regulatory scrutiny intensifies for MSFT, causing stock slump.",-0.514,-0.48,0
3031,MSFT,"MSFT faces supply chain bottlenecks, lowering annual guidance.",-0.5673,-1.63,0
3032,GOOGL,"GOOGL reports cybersecurity breach, prompting investor selloff.",-0.9284,-2.57,0
3033,META,"Regulatory scrutiny intensifies for META, causing stock slump.",-0.8861,-1.84,0
3034,AMZN,Market analysts maintain neutral rating on AMZN ahead of earnings.,-0.0772,-0.31,1
3035,ETH,ETH misses Q3 earnings estimates amid rising operational costs.,-0.9488,-2.61,0
3036,TSLA,"Federal Reserve signals rate cut interest, sparking market rally in TSLA.",0.7304,3.57,1
3037,GOOGL,"GOOGL reports cybersecurity breach, prompting investor selloff.",-0.8417,-3.52,0
3038,ETH,"Federal Reserve signals rate cut interest, sparking market rally in ETH.",0.8263,3.83,1
3039,TSLA,"TSLA reports cybersecurity breach, prompting investor selloff.",-0.9291,-3.97,0
3040,MSFT,"MSFT launches groundbreaking AI product line, driving analyst upgrades.",0.609,1.97,1
3041,ETH,Analyst downgrade for ETH citing margin compression and slow growth.,-0.5547,-2.16,0
3042,AAPL,AAPL reports record quarterly revenue exceeding Wall Street expectations.,0.8078,2.9,1
3043,TSLA,TSLA reports record quarterly revenue exceeding Wall Street expectations.,0.6584,2.91,1
3044,ETH,Analysts raise price target for ETH following strong demand metrics.,0.9082,3.28,1
3045,ETH,"ETH secures major enterprise partnership, expanding market dominance.",0.6298,1.69,1
3046,NVDA,"Regulatory scrutiny intensifies for NVDA, causing stock slump.",-0.5937,-3.49,0
3047,TSLA,Analyst downgrade for TSLA citing margin compression and slow growth.,-0.5532,-1.39,0
3048,META,"META faces supply chain bottlenecks, lowering annual guidance.",-0.649,-2.57,0
3049,AMZN,AMZN shares plummet following unexpected CEO departure and audit concerns.,-0.4992,-2.57,0
3050,NVDA,Market analysts maintain neutral rating on NVDA ahead of earnings.,-0.0073,0.46,1
3051,AAPL,Inflation fears and macro headwinds pressure AAPL valuations lower.,-0.8005,-2.22,0
3052,GOOGL,Strong subscriber growth drives GOOGL shares to new 52-week high.,0.4432,2.78,1
3053,META,"Federal Reserve signals rate cut interest, sparking market rally in META.",0.8366,3.76,1
3054,AAPL,AAPL misses Q3 earnings estimates amid rising operational costs.,-0.7294,-3.37,0
3055,NVDA,"NVDA secures major enterprise partnership, expanding market dominance.",0.7376,3.44,1
3056,GOOGL,GOOGL holds steady as investors await upcoming inflation report.,0.0182,0.24,0
3057,GOOGL,GOOGL reports record quarterly revenue exceeding Wall Street expectations.,0.663,1.25,1
3058,BTC,"Regulatory scrutiny intensifies for BTC, causing stock slump.",-0.6399,-2.5,0
3059,NVDA,Decreased consumer demand hits NVDA quarterly profit margins.,-0.5905,-0.93,0
3060,TSLA,Inflation fears and macro headwinds pressure TSLA valuations lower.,-0.6105,-2.79,0
3061,GOOGL,Market analysts maintain neutral rating on GOOGL ahead of earnings.,0.052,-0.24,1
3062,META,"META secures major enterprise partnership, expanding market dominance.",0.4006,1.8,1
3063,TSLA,"Regulatory scrutiny intensifies for TSLA, causing stock slump.",-0.5122,-1.56,0
3064,ETH,ETH reports record quarterly revenue exceeding Wall Street expectations.,0.375,0.88,1
3065,AMZN,Strong subscriber growth drives AMZN shares to new 52-week high.,0.4393,2.19,1
3066,GOOGL,GOOGL schedules upcoming annual shareholder meeting for next month.,-0.1499,-0.43,0
3067,AMZN,AMZN announces strategic acquisition to boost AI infrastructure.,0.8949,3.31,1
3068,ETH,Strong subscriber growth drives ETH shares to new 52-week high.,0.4235,0.82,1
3069,AAPL,AAPL announces strategic acquisition to boost AI infrastructure.,0.6104,2.66,1
3070,BTC,BTC misses Q3 earnings estimates amid rising operational costs.,-0.6309,-2.52,0
3071,NVDA,"Regulatory scrutiny intensifies for NVDA, causing stock slump.",-0.3503,-1.75,0
3072,ETH,"ETH reports cybersecurity breach, prompting investor selloff.",-0.4556,-1.86,0
3073,AAPL,"Federal Reserve signals rate cut interest, sparking market rally in AAPL.",0.3573,0.24,1
3074,BTC,Strong subscriber growth drives BTC shares to new 52-week high.,0.8982,3.92,1
3075,TSLA,TSLA announces strategic acquisition to boost AI infrastructure.,0.9069,1.45,1
3076,BTC,"BTC launches groundbreaking AI product line, driving analyst upgrades.",0.7839,3.1,1
3077,META,Analyst downgrade for META citing margin compression and slow growth.,-0.3634,-0.74,0
3078,TSLA,"TSLA secures major enterprise partnership, expanding market dominance.",0.6893,2.98,1
3079,TSLA,Institutional investors surge buying in TSLA after bullish earnings call.,0.5322,2.49,1
3080,TSLA,TSLA schedules upcoming annual shareholder meeting for next month.,-0.017,-1.57,0
3081,NVDA,Strong subscriber growth drives NVDA shares to new 52-week high.,0.9204,2.09,1
3082,AMZN,Decreased consumer demand hits AMZN quarterly profit margins.,-0.4041,-0.37,0
3083,NVDA,"NVDA faces supply chain bottlenecks, lowering annual guidance.",-0.7551,-2.81,0
3084,AAPL,AAPL shares plummet following unexpected CEO departure and audit concerns.,-0.4063,-0.37,0
3085,AAPL,AAPL schedules upcoming annual shareholder meeting for next month.,0.134,0.02,0
3086,AMZN,"Federal Reserve signals rate cut interest, sparking market rally in AMZN.",0.7144,1.49,1
3087,NVDA,NVDA schedules upcoming annual shareholder meeting for next month.,0.1318,1.08,0
3088,TSLA,"TSLA faces supply chain bottlenecks, lowering annual guidance.",-0.6999,-1.16,0
3089,BTC,Institutional investors surge buying in BTC after bullish earnings call.,0.9296,4.41,1
3090,META,META holds steady as investors await upcoming inflation report.,-0.1397,-0.01,1
3091,META,"META reports cybersecurity breach, prompting investor selloff.",-0.5467,-2.92,0
3092,MSFT,Strong subscriber growth drives MSFT shares to new 52-week high.,0.8701,4.08,1
3093,GOOGL,GOOGL announces routine board member appointment.,-0.1465,-0.97,0
3094,BTC,BTC announces strategic acquisition to boost AI infrastructure.,0.8043,4.63,1
3095,AMZN,AMZN trades sideways amidst broader market consolidation.,-0.0119,0.51,1
3096,TSLA,Strong subscriber growth drives TSLA shares to new 52-week high.,0.8151,0.86,1
3097,TSLA,TSLA trades sideways amidst broader market consolidation.,-0.0726,-1.41,0
3098,GOOGL,GOOGL announces routine board member appointment.,0.0011,0.36,1
3099,NVDA,NVDA holds steady as investors await upcoming inflation report.,0.0407,-0.07,0
3100,NVDA,"NVDA launches groundbreaking AI product line, driving analyst upgrades.",0.7031,1.35,1
3101,ETH,"Federal Reserve signals rate cut interest, sparking market rally in ETH.",0.6482,2.34,1
3102,AAPL,Analysts raise price target for AAPL following strong demand metrics.,0.4147,1.15,1
3103,BTC,"Federal Reserve signals rate cut interest, sparking market rally in BTC.",0.5732,2.24,1
3104,AAPL,AAPL announces strategic acquisition to boost AI infrastructure.,0.7825,2.99,1
3105,AAPL,"AAPL launches groundbreaking AI product line, driving analyst upgrades.",0.9333,3.41,1
3106,ETH,"ETH secures major enterprise partnership, expanding market dominance.",0.4836,1.73,1
3107,AMZN,"AMZN faces supply chain bottlenecks, lowering annual guidance.",-0.7582,-3.07,0
3108,NVDA,NVDA announces strategic acquisition to boost AI infrastructure.,0.6453,1.67,1
3109,TSLA,"TSLA launches groundbreaking AI product line, driving analyst upgrades.",0.7982,3.66,1
3110,BTC,Inflation fears and macro headwinds pressure BTC valuations lower.,-0.5896,-0.96,0
3111,META,"Federal Reserve signals rate cut interest, sparking market rally in META.",0.7244,2.09,1
3112,AMZN,Inflation fears and macro headwinds pressure AMZN valuations lower.,-0.5605,-2.0,0
3113,BTC,BTC announces strategic acquisition to boost AI infrastructure.,0.3691,1.93,1
3114,AMZN,Analyst downgrade for AMZN citing margin compression and slow growth.,-0.4171,-1.51,0
3115,BTC,BTC announces routine board member appointment.,-0.0059,-0.68,0
3116,BTC,BTC shares plummet following unexpected CEO departure and audit concerns.,-0.7954,-5.51,0
3117,GOOGL,GOOGL reports record quarterly revenue exceeding Wall Street expectations.,0.4287,2.58,1
3118,TSLA,Inflation fears and macro headwinds pressure TSLA valuations lower.,-0.6387,-2.39,0
3119,BTC,"BTC secures major enterprise partnership, expanding market dominance.",0.5928,2.91,1
3120,ETH,"ETH faces supply chain bottlenecks, lowering annual guidance.",-0.8135,-2.97,0
3121,GOOGL,Analysts raise price target for GOOGL following strong demand metrics.,0.3889,1.03,1
3122,BTC,"BTC launches groundbreaking AI product line, driving analyst upgrades.",0.7576,3.85,1
3123,META,META misses Q3 earnings estimates amid rising operational costs.,-0.7244,-2.6,0
3124,NVDA,"Federal Reserve signals rate cut interest, sparking market rally in NVDA.",0.4523,3.39,1
3125,ETH,Institutional investors surge buying in ETH after bullish earnings call.,0.5307,2.62,1
3126,NVDA,"NVDA launches groundbreaking AI product line, driving analyst upgrades.",0.6628,2.95,1
3127,NVDA,Analysts raise price target for NVDA following strong demand metrics.,0.5429,1.56,1
3128,META,META shares plummet following unexpected CEO departure and audit concerns.,-0.5724,-2.39,0
3129,META,META holds steady as investors await upcoming inflation report.,0.1172,0.43,1
3130,AMZN,"Regulatory scrutiny intensifies for AMZN, causing stock slump.",-0.7751,-1.18,0
3131,NVDA,Institutional investors surge buying in NVDA after bullish earnings call.,0.5062,1.8,1
3132,ETH,"Regulatory scrutiny intensifies for ETH, causing stock slump.",-0.8338,-3.21,0
3133,AMZN,AMZN shares plummet following unexpected CEO departure and audit concerns.,-0.5965,-2.63,0
3134,NVDA,"Federal Reserve signals rate cut interest, sparking market rally in NVDA.",0.8488,4.62,1
3135,META,META shares plummet following unexpected CEO departure and audit concerns.,-0.6464,-1.27,0
3136,ETH,ETH announces routine board member appointment.,0.075,-0.45,0
3137,ETH,"ETH launches groundbreaking AI product line, driving analyst upgrades.",0.5435,2.08,1
3138,META,Decreased consumer demand hits META quarterly profit margins.,-0.8394,-2.48,0
3139,META,"META secures major enterprise partnership, expanding market dominance.",0.5325,3.33,1
3140,GOOGL,"GOOGL secures major enterprise partnership, expanding market dominance.",0.6326,2.31,1
3141,ETH,"ETH secures major enterprise partnership, expanding market dominance.",0.6208,1.25,1
3142,MSFT,MSFT misses Q3 earnings estimates amid rising operational costs.,-0.3967,-2.97,0
3143,AMZN,Institutional investors surge buying in AMZN after bullish earnings call.,0.5663,0.44,1
3144,META,META announces routine board member appointment.,0.0502,-1.01,1
3145,BTC,BTC announces strategic acquisition to boost AI infrastructure.,0.9233,2.87,1
3146,GOOGL,GOOGL announces routine board member appointment.,-0.0438,-0.02,1
3147,META,META announces routine board member appointment.,-0.1037,0.27,0
3148,NVDA,"NVDA launches groundbreaking AI product line, driving analyst upgrades.",0.5052,2.26,1
3149,ETH,ETH announces routine board member appointment.,-0.1487,-1.87,1
3150,AAPL,AAPL schedules upcoming annual shareholder meeting for next month.,-0.0332,-0.67,1
3151,BTC,Analyst downgrade for BTC citing margin compression and slow growth.,-0.9018,-3.45,0
3152,MSFT,Strong subscriber growth drives MSFT shares to new 52-week high.,0.6035,3.22,1
3153,GOOGL,GOOGL announces strategic acquisition to boost AI infrastructure.,0.3858,0.88,1
3154,AMZN,AMZN announces routine board member appointment.,0.024,0.82,0
3155,TSLA,"TSLA secures major enterprise partnership, expanding market dominance.",0.8218,2.47,1
3156,AMZN,Strong subscriber growth drives AMZN shares to new 52-week high.,0.4259,0.27,1
3157,ETH,"ETH launches groundbreaking AI product line, driving analyst upgrades.",0.8477,5.53,1
3158,AAPL,"AAPL faces supply chain bottlenecks, lowering annual guidance.",-0.4909,-2.37,0
3159,ETH,Analysts raise price target for ETH following strong demand metrics.,0.7236,3.5,1
3160,GOOGL,Decreased consumer demand hits GOOGL quarterly profit margins.,-0.5903,-1.52,0
3161,NVDA,NVDA schedules upcoming annual shareholder meeting for next month.,-0.1494,-0.9,0
3162,GOOGL,GOOGL shares plummet following unexpected CEO departure and audit concerns.,-0.731,-1.66,0
3163,AAPL,"AAPL reports cybersecurity breach, prompting investor selloff.",-0.6711,-2.35,0
3164,TSLA,"Regulatory scrutiny intensifies for TSLA, causing stock slump.",-0.4727,-1.54,0
3165,TSLA,Inflation fears and macro headwinds pressure TSLA valuations lower.,-0.5551,-3.48,0
3166,NVDA,NVDA shares plummet following unexpected CEO departure and audit concerns.,-0.3646,-1.93,0
3167,META,META schedules upcoming annual shareholder meeting for next month.,0.0928,-0.47,0
3168,BTC,Inflation fears and macro headwinds pressure BTC valuations lower.,-0.7779,-4.06,0
3169,GOOGL,"Federal Reserve signals rate cut interest, sparking market rally in GOOGL.",0.5896,1.11,1
3170,TSLA,Strong subscriber growth drives TSLA shares to new 52-week high.,0.3752,2.63,1
3171,BTC,BTC announces strategic acquisition to boost AI infrastructure.,0.6877,1.67,1
3172,TSLA,TSLA announces strategic acquisition to boost AI infrastructure.,0.601,1.61,1
3173,GOOGL,Strong subscriber growth drives GOOGL shares to new 52-week high.,0.6379,1.6,1
3174,GOOGL,Analysts raise price target for GOOGL following strong demand metrics.,0.8532,3.51,1
3175,TSLA,"TSLA secures major enterprise partnership, expanding market dominance.",0.4417,1.73,1
3176,TSLA,Inflation fears and macro headwinds pressure TSLA valuations lower.,-0.7777,-3.26,0
3177,META,"META secures major enterprise partnership, expanding market dominance.",0.5567,2.79,1
3178,GOOGL,Market analysts maintain neutral rating on GOOGL ahead of earnings.,-0.0734,0.37,1
3179,ETH,Strong subscriber growth drives ETH shares to new 52-week high.,0.7873,1.45,1
3180,GOOGL,GOOGL reports record quarterly revenue exceeding Wall Street expectations.,0.6048,1.9,1
3181,MSFT,MSFT misses Q3 earnings estimates amid rising operational costs.,-0.9399,-1.75,0
3182,BTC,BTC reports record quarterly revenue exceeding Wall Street expectations.,0.412,1.6,1
3183,NVDA,"Regulatory scrutiny intensifies for NVDA, causing stock slump.",-0.5761,-1.63,0
3184,NVDA,"Regulatory scrutiny intensifies for NVDA, causing stock slump.",-0.7732,-1.99,0
3185,NVDA,Analyst downgrade for NVDA citing margin compression and slow growth.,-0.5092,-2.46,0
3186,META,Strong subscriber growth drives META shares to new 52-week high.,0.7139,3.17,1
3187,BTC,"BTC launches groundbreaking AI product line, driving analyst upgrades.",0.8387,2.02,1
3188,NVDA,"NVDA secures major enterprise partnership, expanding market dominance.",0.7101,2.57,1
3189,NVDA,"NVDA reports cybersecurity breach, prompting investor selloff.",-0.6443,-2.45,0
3190,META,META reports record quarterly revenue exceeding Wall Street expectations.,0.4791,2.99,1
3191,GOOGL,"GOOGL reports cybersecurity breach, prompting investor selloff.",-0.9127,-2.58,0
3192,META,"META reports cybersecurity breach, prompting investor selloff.",-0.7859,-2.0,0
3193,META,META misses Q3 earnings estimates amid rising operational costs.,-0.7538,-1.04,0
3194,AAPL,AAPL reports record quarterly revenue exceeding Wall Street expectations.,0.6765,1.74,1
3195,BTC,"BTC faces supply chain bottlenecks, lowering annual guidance.",-0.4259,-3.04,0
3196,TSLA,TSLA announces routine board member appointment.,0.0642,-0.98,1
3197,GOOGL,Decreased consumer demand hits GOOGL quarterly profit margins.,-0.4379,-2.81,0
3198,GOOGL,GOOGL reports record quarterly revenue exceeding Wall Street expectations.,0.3519,0.57,1
3199,TSLA,TSLA shares plummet following unexpected CEO departure and audit concerns.,-0.4583,-2.02,0
3200,NVDA,NVDA shares plummet following unexpected CEO departure and audit concerns.,-0.4307,-2.24,0
3201,GOOGL,GOOGL announces strategic acquisition to boost AI infrastructure.,0.6112,3.29,1
3202,META,META announces strategic acquisition to boost AI infrastructure.,0.4129,-0.05,1
3203,TSLA,TSLA announces strategic acquisition to boost AI infrastructure.,0.9328,3.14,1
3204,ETH,ETH misses Q3 earnings estimates amid rising operational costs.,-0.6236,-2.38,0
3205,GOOGL,"Regulatory scrutiny intensifies for GOOGL, causing stock slump.",-0.7439,-3.7,0
3206,AMZN,Market analysts maintain neutral rating on AMZN ahead of earnings.,0.1429,0.36,1
3207,GOOGL,GOOGL misses Q3 earnings estimates amid rising operational costs.,-0.7227,-2.74,0
3208,AAPL,Analysts raise price target for AAPL following strong demand metrics.,0.8316,4.52,1
3209,META,Analyst downgrade for META citing margin compression and slow growth.,-0.5745,-3.22,0
3210,GOOGL,Strong subscriber growth drives GOOGL shares to new 52-week high.,0.6786,1.93,1
3211,AMZN,"Regulatory scrutiny intensifies for AMZN, causing stock slump.",-0.6656,-2.78,0
3212,AAPL,AAPL holds steady as investors await upcoming inflation report.,-0.0248,-0.56,1
3213,GOOGL,Inflation fears and macro headwinds pressure GOOGL valuations lower.,-0.5503,-2.17,0
3214,ETH,Analysts raise price target for ETH following strong demand metrics.,0.8306,3.3,1
3215,ETH,ETH announces routine board member appointment.,0.1234,0.25,1
3216,BTC,Analyst downgrade for BTC citing margin compression and slow growth.,-0.3726,-1.31,0
3217,AAPL,Decreased consumer demand hits AAPL quarterly profit margins.,-0.9167,-1.06,0
3218,MSFT,"MSFT launches groundbreaking AI product line, driving analyst upgrades.",0.5684,1.68,1
3219,ETH,Analysts raise price target for ETH following strong demand metrics.,0.7804,2.23,1
3220,TSLA,TSLA schedules upcoming annual shareholder meeting for next month.,0.1335,0.87,0
3221,TSLA,Analyst downgrade for TSLA citing margin compression and slow growth.,-0.4414,-1.36,0
3222,MSFT,Analyst downgrade for MSFT citing margin compression and slow growth.,-0.6907,-1.49,0
3223,BTC,"BTC launches groundbreaking AI product line, driving analyst upgrades.",0.8495,3.77,1
3224,TSLA,"TSLA faces supply chain bottlenecks, lowering annual guidance.",-0.8665,-2.29,0
3225,BTC,Strong subscriber growth drives BTC shares to new 52-week high.,0.4095,1.38,1
3226,AAPL,Analysts raise price target for AAPL following strong demand metrics.,0.7991,2.87,1
3227,NVDA,Analyst downgrade for NVDA citing margin compression and slow growth.,-0.8371,-3.09,0
3228,META,META reports record quarterly revenue exceeding Wall Street expectations.,0.6137,0.69,1
3229,GOOGL,"Federal Reserve signals rate cut interest, sparking market rally in GOOGL.",0.3927,0.87,1
3230,GOOGL,"GOOGL launches groundbreaking AI product line, driving analyst upgrades.",0.9231,3.82,1
3231,META,META announces routine board member appointment.,-0.1403,-0.63,1
3232,MSFT,Decreased consumer demand hits MSFT quarterly profit margins.,-0.6272,-2.27,0
3233,AAPL,"AAPL launches groundbreaking AI product line, driving analyst upgrades.",0.683,2.61,1
3234,TSLA,TSLA schedules upcoming annual shareholder meeting for next month.,-0.0914,-0.42,0
3235,TSLA,TSLA misses Q3 earnings estimates amid rising operational costs.,-0.8931,-3.32,0
3236,BTC,BTC misses Q3 earnings estimates amid rising operational costs.,-0.5696,-1.79,0
3237,ETH,"ETH launches groundbreaking AI product line, driving analyst upgrades.",0.8039,1.54,1
3238,NVDA,Inflation fears and macro headwinds pressure NVDA valuations lower.,-0.6582,-1.27,0
3239,NVDA,NVDA shares plummet following unexpected CEO departure and audit concerns.,-0.8508,-3.54,0
3240,BTC,"Federal Reserve signals rate cut interest, sparking market rally in BTC.",0.6978,3.02,1
3241,META,Institutional investors surge buying in META after bullish earnings call.,0.3592,2.79,1
3242,AMZN,AMZN misses Q3 earnings estimates amid rising operational costs.,-0.4985,-2.8,0
3243,MSFT,Analysts raise price target for MSFT following strong demand metrics.,0.5535,1.86,1
3244,MSFT,MSFT trades sideways amidst broader market consolidation.,-0.0743,-0.22,0
3245,AAPL,AAPL misses Q3 earnings estimates amid rising operational costs.,-0.381,-0.08,0
3246,NVDA,Strong subscriber growth drives NVDA shares to new 52-week high.,0.7508,2.61,1
3247,AMZN,"Regulatory scrutiny intensifies for AMZN, causing stock slump.",-0.6537,-2.44,0
3248,ETH,ETH misses Q3 earnings estimates amid rising operational costs.,-0.5484,-3.49,0
3249,ETH,Institutional investors surge buying in ETH after bullish earnings call.,0.8677,0.79,1
3250,MSFT,MSFT misses Q3 earnings estimates amid rising operational costs.,-0.846,-2.66,0
3251,AAPL,Decreased consumer demand hits AAPL quarterly profit margins.,-0.7408,-2.85,0
3252,MSFT,Inflation fears and macro headwinds pressure MSFT valuations lower.,-0.3817,-1.17,0
3253,META,"META reports cybersecurity breach, prompting investor selloff.",-0.7752,-1.69,0
3254,TSLA,"TSLA faces supply chain bottlenecks, lowering annual guidance.",-0.4955,-2.21,0
3255,NVDA,Institutional investors surge buying in NVDA after bullish earnings call.,0.7734,3.46,1
3256,MSFT,"MSFT secures major enterprise partnership, expanding market dominance.",0.7499,2.77,1
3257,AMZN,"AMZN secures major enterprise partnership, expanding market dominance.",0.4141,1.87,1
3258,ETH,Analysts raise price target for ETH following strong demand metrics.,0.4605,2.46,1
3259,GOOGL,Decreased consumer demand hits GOOGL quarterly profit margins.,-0.8302,-1.78,0
3260,ETH,Decreased consumer demand hits ETH quarterly profit margins.,-0.7111,-2.3,0
3261,AMZN,"Federal Reserve signals rate cut interest, sparking market rally in AMZN.",0.6328,1.89,1
3262,GOOGL,GOOGL holds steady as investors await upcoming inflation report.,0.0525,0.75,1
3263,TSLA,Decreased consumer demand hits TSLA quarterly profit margins.,-0.5745,-2.54,0
3264,MSFT,Inflation fears and macro headwinds pressure MSFT valuations lower.,-0.6435,-1.54,0
3265,NVDA,"Regulatory scrutiny intensifies for NVDA, causing stock slump.",-0.6738,-2.09,0
3266,ETH,"ETH launches groundbreaking AI product line, driving analyst upgrades.",0.8021,2.2,1
3267,BTC,"BTC launches groundbreaking AI product line, driving analyst upgrades.",0.7862,3.44,1
3268,NVDA,"NVDA secures major enterprise partnership, expanding market dominance.",0.5931,2.78,1
3269,AMZN,"AMZN launches groundbreaking AI product line, driving analyst upgrades.",0.3985,2.56,1
3270,BTC,"BTC faces supply chain bottlenecks, lowering annual guidance.",-0.9167,-4.52,0
3271,AMZN,Institutional investors surge buying in AMZN after bullish earnings call.,0.3979,1.04,1
3272,AAPL,"AAPL launches groundbreaking AI product line, driving analyst upgrades.",0.4796,2.52,1
3273,NVDA,Market analysts maintain neutral rating on NVDA ahead of earnings.,0.0043,0.51,1
3274,GOOGL,GOOGL reports record quarterly revenue exceeding Wall Street expectations.,0.6343,3.13,1
3275,BTC,BTC trades sideways amidst broader market consolidation.,-0.081,-1.19,0
3276,TSLA,Analyst downgrade for TSLA citing margin compression and slow growth.,-0.8862,-2.64,0
3277,META,"META secures major enterprise partnership, expanding market dominance.",0.5149,2.36,1
3278,TSLA,"Federal Reserve signals rate cut interest, sparking market rally in TSLA.",0.8001,4.07,1
3279,AAPL,AAPL announces strategic acquisition to boost AI infrastructure.,0.6022,2.93,1
3280,AMZN,"Federal Reserve signals rate cut interest, sparking market rally in AMZN.",0.7008,2.62,1
3281,META,Strong subscriber growth drives META shares to new 52-week high.,0.4689,2.85,1
3282,META,META reports record quarterly revenue exceeding Wall Street expectations.,0.9195,4.14,1
3283,TSLA,"TSLA launches groundbreaking AI product line, driving analyst upgrades.",0.4835,1.12,1
3284,ETH,ETH announces routine board member appointment.,0.1277,1.01,0
3285,TSLA,TSLA holds steady as investors await upcoming inflation report.,-0.0316,-1.01,1
3286,TSLA,"TSLA reports cybersecurity breach, prompting investor selloff.",-0.517,-2.14,0
3287,GOOGL,Strong subscriber growth drives GOOGL shares to new 52-week high.,0.5969,1.81,1
3288,AMZN,AMZN misses Q3 earnings estimates amid rising operational costs.,-0.6133,-1.57,0
3289,BTC,Market analysts maintain neutral rating on BTC ahead of earnings.,0.0214,-0.66,0
3290,ETH,Market analysts maintain neutral rating on ETH ahead of earnings.,0.0596,0.64,0
3291,GOOGL,GOOGL misses Q3 earnings estimates amid rising operational costs.,-0.8673,-4.39,0
3292,META,Market analysts maintain neutral rating on META ahead of earnings.,0.1481,1.18,0
3293,GOOGL,GOOGL holds steady as investors await upcoming inflation report.,0.1082,0.47,1
3294,META,"META reports cybersecurity breach, prompting investor selloff.",-0.5505,-1.99,0
3295,AAPL,AAPL shares plummet following unexpected CEO departure and audit concerns.,-0.9296,-3.35,0
3296,AAPL,"AAPL faces supply chain bottlenecks, lowering annual guidance.",-0.6564,-1.32,0
3297,AAPL,Institutional investors surge buying in AAPL after bullish earnings call.,0.6008,2.72,1
3298,AMZN,Strong subscriber growth drives AMZN shares to new 52-week high.,0.6947,1.33,1
3299,AMZN,Institutional investors surge buying in AMZN after bullish earnings call.,0.7774,3.85,1
3300,MSFT,MSFT announces strategic acquisition to boost AI infrastructure.,0.451,0.88,1
3301,AAPL,Institutional investors surge buying in AAPL after bullish earnings call.,0.6736,1.43,1
3302,AAPL,AAPL trades sideways amidst broader market consolidation.,-0.0383,1.62,0
3303,META,Strong subscriber growth drives META shares to new 52-week high.,0.7824,2.85,1
3304,TSLA,Institutional investors surge buying in TSLA after bullish earnings call.,0.5305,1.52,1
3305,TSLA,Inflation fears and macro headwinds pressure TSLA valuations lower.,-0.7356,-1.45,0
3306,TSLA,TSLA reports record quarterly revenue exceeding Wall Street expectations.,0.796,2.57,1
3307,NVDA,Strong subscriber growth drives NVDA shares to new 52-week high.,0.6538,1.46,1
3308,MSFT,MSFT holds steady as investors await upcoming inflation report.,-0.1184,-2.06,1
3309,AAPL,AAPL schedules upcoming annual shareholder meeting for next month.,0.0703,0.39,0
3310,BTC,Inflation fears and macro headwinds pressure BTC valuations lower.,-0.9434,-4.47,0
3311,NVDA,NVDA announces routine board member appointment.,-0.1362,0.93,0
3312,TSLA,Inflation fears and macro headwinds pressure TSLA valuations lower.,-0.6699,-3.29,0
3313,AAPL,Institutional investors surge buying in AAPL after bullish earnings call.,0.6041,2.46,1
3314,ETH,Inflation fears and macro headwinds pressure ETH valuations lower.,-0.3801,-1.68,0
3315,BTC,"BTC reports cybersecurity breach, prompting investor selloff.",-0.729,-2.79,0
3316,MSFT,MSFT misses Q3 earnings estimates amid rising operational costs.,-0.4087,-1.35,0
3317,GOOGL,"GOOGL launches groundbreaking AI product line, driving analyst upgrades.",0.5229,2.78,1
3318,GOOGL,Institutional investors surge buying in GOOGL after bullish earnings call.,0.536,0.94,1
3319,BTC,BTC announces strategic acquisition to boost AI infrastructure.,0.8102,2.54,1
3320,NVDA,NVDA schedules upcoming annual shareholder meeting for next month.,-0.1433,1.12,1
3321,TSLA,"Federal Reserve signals rate cut interest, sparking market rally in TSLA.",0.5359,2.88,1
3322,META,"META secures major enterprise partnership, expanding market dominance.",0.3571,2.2,1
3323,BTC,Strong subscriber growth drives BTC shares to new 52-week high.,0.387,1.3,1
3324,AAPL,"AAPL reports cybersecurity breach, prompting investor selloff.",-0.7468,-3.79,0
3325,AMZN,Analysts raise price target for AMZN following strong demand metrics.,0.9362,3.06,1
3326,NVDA,"NVDA secures major enterprise partnership, expanding market dominance.",0.8273,2.96,1
3327,GOOGL,"Federal Reserve signals rate cut interest, sparking market rally in GOOGL.",0.9441,3.52,1
3328,GOOGL,"Regulatory scrutiny intensifies for GOOGL, causing stock slump.",-0.5854,-2.57,0
3329,AMZN,AMZN misses Q3 earnings estimates amid rising operational costs.,-0.8368,-1.65,0
3330,MSFT,"MSFT reports cybersecurity breach, prompting investor selloff.",-0.6425,-1.88,0
3331,MSFT,Decreased consumer demand hits MSFT quarterly profit margins.,-0.3572,-1.27,0
3332,BTC,BTC announces strategic acquisition to boost AI infrastructure.,0.8969,2.99,1
3333,GOOGL,"GOOGL secures major enterprise partnership, expanding market dominance.",0.3731,1.92,1
3334,AAPL,Institutional investors surge buying in AAPL after bullish earnings call.,0.6065,1.71,1
3335,NVDA,"NVDA launches groundbreaking AI product line, driving analyst upgrades.",0.4112,2.98,1
3336,META,Institutional investors surge buying in META after bullish earnings call.,0.8552,2.94,1
3337,GOOGL,GOOGL announces strategic acquisition to boost AI infrastructure.,0.5863,2.86,1
3338,NVDA,Institutional investors surge buying in NVDA after bullish earnings call.,0.6675,1.3,1
3339,GOOGL,"GOOGL faces supply chain bottlenecks, lowering annual guidance.",-0.9384,-1.18,0
3340,NVDA,NVDA shares plummet following unexpected CEO departure and audit concerns.,-0.486,-1.65,0
3341,MSFT,Strong subscriber growth drives MSFT shares to new 52-week high.,0.5579,2.26,1
3342,ETH,ETH trades sideways amidst broader market consolidation.,-0.1425,-0.44,0
3343,ETH,Strong subscriber growth drives ETH shares to new 52-week high.,0.5138,2.5,1
3344,META,"META secures major enterprise partnership, expanding market dominance.",0.8869,1.87,1
3345,MSFT,MSFT trades sideways amidst broader market consolidation.,-0.123,-1.28,1
3346,NVDA,"Regulatory scrutiny intensifies for NVDA, causing stock slump.",-0.7925,-3.56,0
3347,NVDA,Inflation fears and macro headwinds pressure NVDA valuations lower.,-0.9451,-3.49,0
3348,META,"Regulatory scrutiny intensifies for META, causing stock slump.",-0.6858,-2.17,0
3349,GOOGL,Institutional investors surge buying in GOOGL after bullish earnings call.,0.5408,3.24,1
3350,META,META announces strategic acquisition to boost AI infrastructure.,0.6248,2.5,1
3351,AAPL,Strong subscriber growth drives AAPL shares to new 52-week high.,0.4784,0.59,1
3352,TSLA,"TSLA faces supply chain bottlenecks, lowering annual guidance.",-0.9361,-3.52,0
3353,AMZN,AMZN reports record quarterly revenue exceeding Wall Street expectations.,0.4354,1.23,1
3354,BTC,Inflation fears and macro headwinds pressure BTC valuations lower.,-0.9149,-3.06,0
3355,BTC,"BTC faces supply chain bottlenecks, lowering annual guidance.",-0.5887,-3.73,0
3356,AAPL,AAPL misses Q3 earnings estimates amid rising operational costs.,-0.6026,-2.63,0
3357,MSFT,"MSFT launches groundbreaking AI product line, driving analyst upgrades.",0.5382,1.09,1
3358,GOOGL,Decreased consumer demand hits GOOGL quarterly profit margins.,-0.5367,-2.0,0
3359,AMZN,AMZN misses Q3 earnings estimates amid rising operational costs.,-0.6483,-3.24,0
3360,TSLA,Market analysts maintain neutral rating on TSLA ahead of earnings.,0.1251,0.33,1
3361,GOOGL,"GOOGL faces supply chain bottlenecks, lowering annual guidance.",-0.7321,-2.78,0
3362,GOOGL,"Regulatory scrutiny intensifies for GOOGL, causing stock slump.",-0.9474,-3.56,0
3363,NVDA,Analyst downgrade for NVDA citing margin compression and slow growth.,-0.87,-2.62,0
3364,META,"META secures major enterprise partnership, expanding market dominance.",0.8051,4.01,1
3365,GOOGL,"GOOGL faces supply chain bottlenecks, lowering annual guidance.",-0.5126,-1.55,0
3366,MSFT,"Federal Reserve signals rate cut interest, sparking market rally in MSFT.",0.9098,3.14,1
3367,GOOGL,Institutional investors surge buying in GOOGL after bullish earnings call.,0.6098,2.06,1
3368,NVDA,Analyst downgrade for NVDA citing margin compression and slow growth.,-0.4289,-0.84,0
3369,TSLA,TSLA reports record quarterly revenue exceeding Wall Street expectations.,0.5784,0.96,1
3370,ETH,"ETH reports cybersecurity breach, prompting investor selloff.",-0.3615,-2.13,0
3371,TSLA,"TSLA secures major enterprise partnership, expanding market dominance.",0.537,1.86,1
3372,META,META announces strategic acquisition to boost AI infrastructure.,0.7898,2.94,1
3373,META,Institutional investors surge buying in META after bullish earnings call.,0.8799,3.02,1
3374,ETH,"ETH secures major enterprise partnership, expanding market dominance.",0.8585,3.35,1
3375,MSFT,MSFT misses Q3 earnings estimates amid rising operational costs.,-0.6464,-3.02,0
3376,AMZN,Strong subscriber growth drives AMZN shares to new 52-week high.,0.4093,1.23,1
3377,AAPL,Analysts raise price target for AAPL following strong demand metrics.,0.9053,4.25,1
3378,MSFT,Institutional investors surge buying in MSFT after bullish earnings call.,0.5061,1.25,1
3379,AMZN,AMZN shares plummet following unexpected CEO departure and audit concerns.,-0.731,-2.32,0
3380,AMZN,Strong subscriber growth drives AMZN shares to new 52-week high.,0.4657,1.09,1
3381,AMZN,AMZN shares plummet following unexpected CEO departure and audit concerns.,-0.6714,-2.32,0
3382,TSLA,Strong subscriber growth drives TSLA shares to new 52-week high.,0.8215,3.95,1
3383,GOOGL,"Regulatory scrutiny intensifies for GOOGL, causing stock slump.",-0.3741,-0.64,0
3384,NVDA,NVDA schedules upcoming annual shareholder meeting for next month.,0.0774,1.93,0
3385,TSLA,"Federal Reserve signals rate cut interest, sparking market rally in TSLA.",0.5165,-0.31,1
3386,AMZN,"AMZN secures major enterprise partnership, expanding market dominance.",0.5343,2.55,1
3387,TSLA,TSLA misses Q3 earnings estimates amid rising operational costs.,-0.8074,-2.66,0
3388,ETH,ETH announces strategic acquisition to boost AI infrastructure.,0.3693,0.73,1
3389,META,"META launches groundbreaking AI product line, driving analyst upgrades.",0.4774,3.07,1
3390,AMZN,AMZN reports record quarterly revenue exceeding Wall Street expectations.,0.7857,2.29,1
3391,GOOGL,GOOGL misses Q3 earnings estimates amid rising operational costs.,-0.5879,-1.19,0
3392,BTC,Analysts raise price target for BTC following strong demand metrics.,0.7554,0.97,1
3393,AMZN,AMZN shares plummet following unexpected CEO departure and audit concerns.,-0.5363,-2.18,0
3394,NVDA,Strong subscriber growth drives NVDA shares to new 52-week high.,0.6252,1.47,1
3395,MSFT,Analysts raise price target for MSFT following strong demand metrics.,0.5443,2.74,1
3396,GOOGL,Decreased consumer demand hits GOOGL quarterly profit margins.,-0.3806,-1.3,0
3397,ETH,"ETH reports cybersecurity breach, prompting investor selloff.",-0.9248,-2.38,0
3398,NVDA,Strong subscriber growth drives NVDA shares to new 52-week high.,0.7266,2.78,1
3399,META,META shares plummet following unexpected CEO departure and audit concerns.,-0.5244,-1.49,0
3400,TSLA,"Regulatory scrutiny intensifies for TSLA, causing stock slump.",-0.4961,-1.07,0
3401,BTC,"Federal Reserve signals rate cut interest, sparking market rally in BTC.",0.6833,2.17,1
3402,GOOGL,"GOOGL secures major enterprise partnership, expanding market dominance.",0.6538,1.52,1
3403,AMZN,"AMZN reports cybersecurity breach, prompting investor selloff.",-0.4503,-1.43,0
3404,AAPL,AAPL reports record quarterly revenue exceeding Wall Street expectations.,0.6555,2.11,1
3405,NVDA,"NVDA launches groundbreaking AI product line, driving analyst upgrades.",0.9219,3.68,1
3406,AMZN,"AMZN reports cybersecurity breach, prompting investor selloff.",-0.6352,-2.87,0
3407,MSFT,MSFT trades sideways amidst broader market consolidation.,-0.0029,-1.0,0
3408,GOOGL,Analysts raise price target for GOOGL following strong demand metrics.,0.508,0.78,1
3409,NVDA,"NVDA reports cybersecurity breach, prompting investor selloff.",-0.8899,-3.77,0
3410,META,"META faces supply chain bottlenecks, lowering annual guidance.",-0.778,-1.97,0
3411,NVDA,NVDA holds steady as investors await upcoming inflation report.,0.0441,0.95,1
3412,META,Institutional investors surge buying in META after bullish earnings call.,0.7337,3.03,1
3413,AMZN,Institutional investors surge buying in AMZN after bullish earnings call.,0.8207,2.63,1
3414,GOOGL,GOOGL reports record quarterly revenue exceeding Wall Street expectations.,0.837,4.53,1
3415,AMZN,"AMZN launches groundbreaking AI product line, driving analyst upgrades.",0.4284,2.0,1
3416,BTC,Analysts raise price target for BTC following strong demand metrics.,0.8334,2.0,1
3417,AMZN,AMZN shares plummet following unexpected CEO departure and audit concerns.,-0.3873,-1.2,0
3418,MSFT,Inflation fears and macro headwinds pressure MSFT valuations lower.,-0.935,-3.12,0
3419,BTC,BTC holds steady as investors await upcoming inflation report.,0.0599,0.58,0
3420,META,META reports record quarterly revenue exceeding Wall Street expectations.,0.5557,2.99,1
3421,TSLA,"Federal Reserve signals rate cut interest, sparking market rally in TSLA.",0.7794,2.45,1
3422,ETH,ETH shares plummet following unexpected CEO departure and audit concerns.,-0.4484,-0.98,0
3423,AAPL,Market analysts maintain neutral rating on AAPL ahead of earnings.,0.116,0.83,0
3424,ETH,Analysts raise price target for ETH following strong demand metrics.,0.5013,-0.11,1
3425,NVDA,"NVDA reports cybersecurity breach, prompting investor selloff.",-0.3793,-1.65,0
3426,AAPL,AAPL trades sideways amidst broader market consolidation.,0.0941,1.54,0
3427,MSFT,MSFT holds steady as investors await upcoming inflation report.,0.0885,1.08,1
3428,AMZN,Market analysts maintain neutral rating on AMZN ahead of earnings.,-0.1437,-2.01,0
3429,ETH,ETH misses Q3 earnings estimates amid rising operational costs.,-0.4067,-0.67,0
3430,TSLA,Institutional investors surge buying in TSLA after bullish earnings call.,0.4485,0.35,1
3431,ETH,ETH shares plummet following unexpected CEO departure and audit concerns.,-0.3814,-1.89,0
3432,ETH,Strong subscriber growth drives ETH shares to new 52-week high.,0.7421,2.55,1
3433,ETH,Institutional investors surge buying in ETH after bullish earnings call.,0.8133,2.74,1
3434,META,Analysts raise price target for META following strong demand metrics.,0.9063,3.37,1
3435,MSFT,MSFT reports record quarterly revenue exceeding Wall Street expectations.,0.9407,4.86,1
3436,TSLA,"TSLA secures major enterprise partnership, expanding market dominance.",0.948,3.87,1
3437,META,"META launches groundbreaking AI product line, driving analyst upgrades.",0.8638,3.31,1
3438,ETH,ETH reports record quarterly revenue exceeding Wall Street expectations.,0.3956,0.81,1
3439,TSLA,TSLA shares plummet following unexpected CEO departure and audit concerns.,-0.7632,-0.46,0
3440,TSLA,TSLA trades sideways amidst broader market consolidation.,-0.0922,-0.52,1
3441,AAPL,"AAPL launches groundbreaking AI product line, driving analyst upgrades.",0.648,3.58,1
3442,TSLA,"TSLA secures major enterprise partnership, expanding market dominance.",0.5147,1.19,1
3443,AMZN,Inflation fears and macro headwinds pressure AMZN valuations lower.,-0.3925,-0.14,0
3444,AAPL,Analysts raise price target for AAPL following strong demand metrics.,0.9467,3.12,1
3445,BTC,Strong subscriber growth drives BTC shares to new 52-week high.,0.8855,4.33,1
3446,AAPL,AAPL reports record quarterly revenue exceeding Wall Street expectations.,0.8706,2.7,1
3447,GOOGL,Decreased consumer demand hits GOOGL quarterly profit margins.,-0.3834,-1.98,0
3448,NVDA,NVDA misses Q3 earnings estimates amid rising operational costs.,-0.5696,-1.97,0
3449,AAPL,"AAPL faces supply chain bottlenecks, lowering annual guidance.",-0.9439,-3.53,0
3450,NVDA,NVDA holds steady as investors await upcoming inflation report.,-0.0914,-0.66,0
3451,MSFT,MSFT announces routine board member appointment.,-0.0842,-0.72,0
3452,AAPL,Inflation fears and macro headwinds pressure AAPL valuations lower.,-0.6921,-2.2,0
3453,ETH,ETH misses Q3 earnings estimates amid rising operational costs.,-0.5479,-1.45,0
3454,AAPL,Market analysts maintain neutral rating on AAPL ahead of earnings.,-0.007,1.23,0
3455,AMZN,Analyst downgrade for AMZN citing margin compression and slow growth.,-0.7318,-2.92,0
3456,BTC,BTC shares plummet following unexpected CEO departure and audit concerns.,-0.6082,-2.45,0
3457,MSFT,Inflation fears and macro headwinds pressure MSFT valuations lower.,-0.7643,-2.49,0
3458,AMZN,AMZN trades sideways amidst broader market consolidation.,0.0918,0.81,0
3459,BTC,BTC holds steady as investors await upcoming inflation report.,0.0861,0.78,0
3460,MSFT,"Regulatory scrutiny intensifies for MSFT, causing stock slump.",-0.7933,-2.47,0
3461,BTC,"Federal Reserve signals rate cut interest, sparking market rally in BTC.",0.6108,2.88,1
3462,BTC,"BTC reports cybersecurity breach, prompting investor selloff.",-0.4616,-3.66,0
3463,ETH,ETH trades sideways amidst broader market consolidation.,0.0773,0.34,1
3464,GOOGL,GOOGL reports record quarterly revenue exceeding Wall Street expectations.,0.8964,2.31,1
3465,ETH,Inflation fears and macro headwinds pressure ETH valuations lower.,-0.3869,-1.67,0
3466,AMZN,AMZN shares plummet following unexpected CEO departure and audit concerns.,-0.5728,-1.76,0
3467,AMZN,AMZN misses Q3 earnings estimates amid rising operational costs.,-0.7509,-1.73,0
3468,AAPL,AAPL schedules upcoming annual shareholder meeting for next month.,-0.1085,-0.04,0
3469,ETH,Institutional investors surge buying in ETH after bullish earnings call.,0.6328,3.82,1
3470,MSFT,Analysts raise price target for MSFT following strong demand metrics.,0.4244,0.84,1
3471,META,META shares plummet following unexpected CEO departure and audit concerns.,-0.7725,-3.28,0
3472,BTC,BTC shares plummet following unexpected CEO departure and audit concerns.,-0.5413,-1.6,0
3473,META,Market analysts maintain neutral rating on META ahead of earnings.,0.084,0.12,0
3474,MSFT,MSFT shares plummet following unexpected CEO departure and audit concerns.,-0.3982,-1.42,0
3475,TSLA,Market analysts maintain neutral rating on TSLA ahead of earnings.,-0.1356,0.17,1
3476,GOOGL,GOOGL reports record quarterly revenue exceeding Wall Street expectations.,0.4561,0.88,1
3477,AAPL,AAPL announces strategic acquisition to boost AI infrastructure.,0.6295,2.83,1
3478,AAPL,Inflation fears and macro headwinds pressure AAPL valuations lower.,-0.8524,-3.84,0
3479,MSFT,"Regulatory scrutiny intensifies for MSFT, causing stock slump.",-0.5274,-2.52,0
3480,MSFT,Analyst downgrade for MSFT citing margin compression and slow growth.,-0.4542,-2.07,0
3481,BTC,Strong subscriber growth drives BTC shares to new 52-week high.,0.6795,3.08,1
3482,AMZN,"AMZN launches groundbreaking AI product line, driving analyst upgrades.",0.9224,3.64,1
3483,TSLA,Institutional investors surge buying in TSLA after bullish earnings call.,0.8583,2.22,1
3484,MSFT,"MSFT reports cybersecurity breach, prompting investor selloff.",-0.6967,-2.93,0
3485,BTC,"BTC launches groundbreaking AI product line, driving analyst upgrades.",0.4977,2.37,1
3486,ETH,"ETH faces supply chain bottlenecks, lowering annual guidance.",-0.6914,-2.12,0
3487,TSLA,Institutional investors surge buying in TSLA after bullish earnings call.,0.7672,3.14,1
3488,META,"META secures major enterprise partnership, expanding market dominance.",0.6937,3.28,1
3489,GOOGL,"GOOGL secures major enterprise partnership, expanding market dominance.",0.9307,2.76,1
3490,AMZN,Analysts raise price target for AMZN following strong demand metrics.,0.4434,2.82,1
3491,TSLA,"Federal Reserve signals rate cut interest, sparking market rally in TSLA.",0.3687,0.68,1
3492,GOOGL,Market analysts maintain neutral rating on GOOGL ahead of earnings.,-0.0773,-0.2,1
3493,NVDA,NVDA reports record quarterly revenue exceeding Wall Street expectations.,0.6073,2.01,1
3494,NVDA,NVDA reports record quarterly revenue exceeding Wall Street expectations.,0.5475,2.77,1
3495,TSLA,TSLA schedules upcoming annual shareholder meeting for next month.,0.0373,-0.15,0
3496,GOOGL,"GOOGL launches groundbreaking AI product line, driving analyst upgrades.",0.7554,2.94,1
3497,MSFT,Market analysts maintain neutral rating on MSFT ahead of earnings.,0.003,-0.05,1
3498,GOOGL,GOOGL announces strategic acquisition to boost AI infrastructure.,0.9246,3.01,1
3499,BTC,"BTC reports cybersecurity breach, prompting investor selloff.",-0.8199,-2.92,0
3500,NVDA,"NVDA reports cybersecurity breach, prompting investor selloff.",-0.8259,-3.01,0
